대분류,중분류,소분류,업종코드,업종명
A,3,32,3213,수산물 부화 및 수산 종자 생산업
A,3,32,322,어업 관련 서비스업
A,3,32,3220,어업 관련 서비스업
A,1,11,11,작물 재배업
A,1,11,111,곡물 및 기타 식량작물 재배업
A,1,11,1110,곡물 및 기타 식량작물 재배업
A,1,11,112,채소_화훼작물 및 종묘 재배업
A,1,11,1121,채소작물 재배업
A,1,11,1122,화훼작물 재배업
A,1,11,1123,종자 및 묘목 생산업
A,1,11,113,과실_음료용 및 향신용 작물 재배업
A,1,11,1131,과실작물 재배업
A,1,11,1132,음료용 및 향신용 작물 재배업
A,1,11,114,기타 작물 재배업
A,1,11,1140,기타 작물 재배업
A,1,11,115,시설작물 재배업
A,1,11,1151,콩나물 재배업
A,1,11,1152,채소_화훼 및 과실작물 시설 재배업
A,1,11,1159,기타 시설작물 재배업
A,1,12,12,축산업
A,1,12,121,소 사육업
A,1,12,1211,젖소 사육업
A,1,12,1212,육우 사육업
A,1,12,122,양돈업
A,1,12,1220,양돈업
A,1,12,123,가금류 및 조류 사육업
A,1,12,1231,양계업
A,1,12,1239,기타 가금류 및 조류 사육업
A,1,12,129,기타 축산업
A,1,12,1291,말 및 양 사육업
A,1,12,1299,그 외 기타 축산업
A,1,13,13,작물재배 및 축산 복합농업
A,1,13,130,작물재배 및 축산 복합농업
A,1,13,1300,작물재배 및 축산 복합농업
A,1,14,14,작물재배 및 축산 관련 서비스업
A,1,14,141,작물재배 관련 서비스업
A,1,14,1411,작물재배 지원 서비스업
A,1,14,1412,농산물 건조_선별 및 기타 수확 후 서비스업
A,1,14,142,축산 관련 서비스업
A,1,14,1420,축산 관련 서비스업
A,1,15,15,수렵 및 관련 서비스업
A,1,15,150,수렵 및 관련 서비스업
A,1,15,1500,수렵 및 관련 서비스업
A,2,20,20,임업
A,2,20,201,영림업
A,2,20,2011,임업용 종묘 생산업
A,2,20,2012,육림업
A,2,20,202,벌목업
A,2,20,2020,벌목업
A,2,20,203,임산물 채취업
A,2,20,2030,임산물 채취업
A,2,20,204,임업 관련 서비스업
A,2,20,2040,임업 관련 서비스업
A,3,31,31,어로 어업
A,3,31,311,해수면 어업
A,3,31,3111,원양 어업
A,3,31,3112,연근해 어업
A,3,31,312,내수면 어업
A,3,31,3120,내수면 어업
A,3,32,32,양식어업 및 어업관련 서비스업
A,3,32,321,양식 어업
A,3,32,3211,해수면 양식 어업
A,3,32,3212,내수면 양식 어업
B,5,51,51,석탄 광업
B,5,51,510,석탄 광업
B,5,51,5100,석탄 광업
B,5,52,52,원유 및 천연가스 채굴업
B,5,52,520,원유 및 천연가스 채굴업
B,5,52,5200,원유 및 천연가스 채굴업
B,6,61,61,철 광업
B,6,61,610,철 광업
B,6,61,6100,철 광업
B,6,62,62,비철금속 광업
B,6,62,620,비철금속 광업
B,6,62,6200,비철금속 광업
B,7,71,71,토사석 광업
B,7,71,711,석회석 및 점토 광업
B,7,71,7110,석회석 및 점토 광업
B,7,71,712,석재_쇄석 및 모래_자갈 채취업
B,7,71,7121,건설용 석재 채굴 및 쇄석 생산업
B,7,71,7122,모래 및 자갈 채취업
B,7,72,72,기타 비금속광물 광업
B,7,72,721,화학용 및 비료 원료용 광물 광업
B,7,72,7210,화학용 및 비료 원료용 광물 광업
B,7,72,722,천일염 생산 및 암염 채취업
B,7,72,7220,천일염 생산 및 암염 채취업
B,7,72,729,그 외 기타 비금속광물 광업
B,7,72,7290,그 외 기타 비금속광물 광업
B,8,80,80,광업 지원 서비스업
B,8,80,800,광업 지원 서비스업
B,8,80,8000,광업 지원 서비스업
C,23,233,23311,시멘트 제조업
C,23,233,23312,석회 및 플라스터 제조업
C,23,233,2332,콘크리트_레미콘 및 기타 시멘트_플라스터 제품 제조업
C,21,213,2130,의료용품 및 기타 의약 관련제품 제조업
C,21,213,21300,의료용품 및 기타 의약 관련제품 제조업
C,22,221,221,고무제품 제조업
C,22,221,2211,고무 타이어 및 튜브 생산업
C,22,221,22111,타이어 및 튜브 제조업
C,22,221,22112,타이어 재생업
C,22,221,2219,기타 고무제품 제조업
C,22,221,22191,고무 패킹류 제조업
C,22,221,22192,산업용 그 외 비경화 고무제품 제조업
C,22,221,22193,고무 의류 및 기타 위생용 비경화 고무제품 제조업
C,22,221,22199,그 외 기타 고무제품 제조업
C,22,222,222,플라스틱 제품 제조업
C,22,222,2221,1차 플라스틱제품 제조업
C,22,222,22211,플라스틱 선_봉_관 및 호스 제조업
C,22,222,22212,플라스틱 필름 제조업
C,22,222,22213,플라스틱 시트 및 판 제조업
C,22,222,22214,플라스틱 합성피혁 제조업
C,22,222,2222,건축용 플라스틱제품 제조업
C,22,222,22221,벽 및 바닥 피복용 플라스틱 제품 제조업
C,22,222,22222,설치용 및 위생용 플라스틱제품 제조업
C,22,222,22223,플라스틱 창호 제조업
C,22,222,22229,기타 건축용 플라스틱 조립제품 제조업
C,22,222,2223,포장용 플라스틱제품 제조업
C,22,222,22231,플라스틱 포대_봉투 및 유사제품 제조업
C,22,222,22232,포장용 플라스틱 성형용기 제조업
C,22,222,2224,기계장비 조립용 플라스틱제품 제조업
C,22,222,22241,운송장비 조립용 플라스틱제품 제조업
C,22,222,22249,기타 기계_장비 조립용 플라스틱제품 제조업
C,22,222,2225,플라스틱 발포 성형제품 제조업
C,22,222,22251,폴리스티렌 발포 성형제품 제조업
C,22,222,22259,기타 플라스틱 발포 성형제품 제조업
C,22,222,2229,기타 플라스틱 제품 제조업
C,22,222,22291,플라스틱 접착처리 제품 제조업
C,22,222,22292,플라스틱 적층_도포 및 기타 표면처리 제품 제조업
C,22,222,22299,그 외 기타 플라스틱 제품 제조업
C,23,231,231,유리 및 유리제품 제조업
C,23,231,2311,판유리 및 판유리 가공품 제조업
C,23,231,23111,판유리 제조업
C,23,231,23112,안전유리 제조업
C,23,231,23119,기타 판유리 가공품 제조업
C,23,231,2312,산업용 유리 제조업
C,23,231,23121,1차 유리제품_유리섬유 및 광학용 유리 제조업
C,23,231,23122,디스플레이 장치용 유리 제조업
C,23,231,23129,기타 산업용 유리제품 제조업
C,23,231,2319,기타 유리제품 제조업
C,23,231,23191,가정용 유리제품 제조업
C,23,231,23192,포장용 유리용기 제조업
C,23,231,23199,그 외 기타 유리제품 제조업
C,23,232,232,내화_비내화 요업제품 제조업
C,23,232,2321,내화 요업제품 제조업
C,23,232,23211,정형 내화 요업제품 제조업
C,23,232,23212,부정형 내화 요업제품 제조업
C,23,232,2322,비내화 일반 도자기 제조업
C,23,232,23221,가정용 및 장식용 도자기 제조업
C,23,232,23222,위생용 및 산업용 도자기 제조업
C,23,232,23229,기타 일반 도자기 제조업
C,23,232,2323,건축용 비내화 요업제품 제조업
C,23,232,23231,점토 벽돌_블록 및 유사 비내화 요업제품 제조업
C,23,232,23232,타일 및 유사 비내화 요업제품 제조업
C,23,232,23239,기타 건축용 비내화 요업제품 제조업
C,23,233,233,시멘트_석회_플라스터 및 그 제품 제조업
C,23,233,2331,시멘트_석회 및 플라스터 제조업
C,19,192,1921,원유 정제처리업
C,19,192,19210,원유 정제처리업
C,19,192,1922,석유 정제물 재처리업
C,19,192,19221,윤활유 및 그리스 제조업
C,19,192,19229,기타 석유 정제물 재처리업
C,20,201,201,기초 화학물질 제조업
C,20,201,2011,기초 유기화학 물질 제조업
C,20,201,20111,석유화학계 기초 화학 물질 제조업
C,20,201,20112,천연수지 및 나무 화학 물질 제조업
C,20,201,20119,석탄화학계 화합물 및 기타 기초 유기화학 물질 제조업
C,20,201,2012,기초 무기화학 물질 제조업
C,20,201,20121,산업용 가스 제조업
C,20,201,20129,기타 기초 무기화학 물질 제조업
C,20,201,2013,무기 안료_염료_유연제 및 기타 착색제 제조업
C,20,201,20131,무기 안료용 금속 산화물 및 관련 제품 제조업
C,20,201,20132,염료_조제 무기 안료_유연제 및 기타 착색제 제조업
C,20,202,202,합성고무 및 플라스틱 물질 제조업
C,20,202,2020,합성고무 및 플라스틱 물질 제조업
C,20,202,20201,합성고무 제조업
C,20,202,20202,합성수지 및 기타 플라스틱 물질 제조업
C,20,202,20203,혼성 및 재생 플라스틱 소재 물질 제조업
C,20,203,203,비료_농약 및 살균_살충제 제조업
C,20,203,2031,비료 및 질소 화합물 제조업
C,20,203,20311,질소 화합물_질소_인산 및 칼리질 화학비료 제조업
C,20,203,20312,복합비료 및 기타 화학비료 제조업
C,20,203,20313,유기질 비료 및 상토 제조업
C,20,203,2032,살균_살충제 및 농약 제조업
C,20,203,20321,화학 살균_살충제 및 농업용 약제 제조업
C,20,203,20322,생물 살균_살충제 및 식물보호제 제조업
C,20,204,204,기타 화학제품 제조업
C,20,204,2041,잉크_페인트_코팅제 및 유사제품 제조업
C,20,204,20411,일반용 도료 및 관련제품 제조업
C,20,204,20412,요업용 도포제 및 관련제품 제조업
C,20,204,20413,인쇄 잉크 및 회화용 물감 제조업
C,20,204,2042,세제_화장품 및 광택제 제조업
C,20,204,20421,계면활성제 제조업
C,20,204,20422,치약_비누 및 기타 세제 제조업
C,20,204,20423,화장품 제조업
C,20,204,20424,표면 광택제 및 실내 가향제 제조업
C,20,204,2049,그 외 기타 화학제품 제조업
C,20,204,20491,감광 재료 및 관련 화학제품 제조업
C,20,204,20492,가공 및 정제염 제조업
C,20,204,20493,접착제 및 젤라틴 제조업
C,20,204,20494,화약 및 불꽃제품 제조업
C,20,204,20495,바이오 연료 및 혼합물 제조업
C,20,204,20499,그 외 기타 분류 안된 화학제품 제조업
C,20,205,205,화학섬유 제조업
C,20,205,2050,화학섬유 제조업
C,20,205,20501,합성섬유 제조업
C,20,205,20502,재생 섬유 제조업
C,21,211,211,기초 의약 물질 및 생물학적 제제 제조업
C,21,211,2110,기초 의약 물질 및 생물학적 제제 제조업
C,21,211,21101,의약용 화합물 및 항생물질 제조업
C,21,211,21102,생물학적 제제 제조업
C,21,212,212,의약품 제조업
C,21,212,2121,완제 의약품 제조업
C,21,212,21210,완제 의약품 제조업
C,21,212,2122,한의약품 제조업
C,21,212,21220,한의약품 제조업
C,21,212,2123,동물용 의약품 제조업
C,21,212,21230,동물용 의약품 제조업
C,21,213,213,의료용품 및 기타 의약 관련제품 제조업
C,16,161,16103,목재 보존_방부처리_도장 및 유사 처리업
C,16,162,162,나무제품 제조업
C,16,162,1621,박판_합판 및 강화 목제품 제조업
C,16,162,16211,박판_합판 및 유사 적층판 제조업
C,16,162,16212,강화 및 재생 목재 제조업
C,16,162,1622,건축용 나무제품 제조업
C,16,162,16221,목재 문 및 관련제품 제조업
C,16,162,16229,기타 건축용 나무제품 제조업
C,16,162,1623,목재 상자_드럼 및 적재판 제조업
C,16,162,16231,목재 깔판류 및 기타 적재판 제조업
C,16,162,16232,목재 포장용 상자_드럼 및 유사 용기 제조업
C,16,162,1629,기타 나무제품 제조업
C,16,162,16291,목재 도구 및 주방용 나무제품 제조업
C,16,162,16292,장식용 목제품 제조업
C,16,162,16299,그 외 기타 나무제품 제조업
C,16,163,163,코르크 및 조물 제품 제조업
C,16,163,1630,코르크 및 조물 제품 제조업
C,16,163,16300,코르크 및 조물 제품 제조업
C,17,171,171,펄프_종이 및 판지 제조업
C,17,171,1711,펄프 제조업
C,17,171,17110,펄프 제조업
C,17,171,1712,종이 및 판지 제조업
C,17,171,17121,신문용지 제조업
C,17,171,17122,인쇄용 및 필기용 원지 제조업
C,17,171,17123,크라프트지 및 상자용 판지 제조업
C,17,171,17124,적층_합성 및 특수 표면처리 종이 제조업
C,17,171,17125,위생용 원지 제조업
C,17,171,17129,기타 종이 및 판지 제조업
C,17,172,172,골판지_종이 상자 및 종이 용기 제조업
C,17,172,1721,골판지 및 골판지 가공제품 제조업
C,17,172,17211,골판지 제조업
C,17,172,17212,골판지 상자 및 가공제품 제조업
C,17,172,1722,종이 포대_판지 상자 및 종이 용기 제조업
C,17,172,17221,종이 포대 및 가방 제조업
C,17,172,17222,판지 상자 및 용기 제조업
C,17,172,17223,식품 위생용 종이 상자 및 용기 제조업
C,17,172,17229,기타 종이 상자 및 용기 제조업
C,17,179,179,기타 종이 및 판지 제품 제조업
C,17,179,1790,기타 종이 및 판지 제품 제조업
C,17,179,17901,문구용 종이제품 제조업
C,17,179,17902,위생용 종이제품 제조업
C,17,179,17903,벽지 및 장판지 제조업
C,17,179,17909,그 외 기타 종이 및 판지 제품 제조업
C,18,181,181,인쇄 및 인쇄관련 산업
C,18,181,1811,인쇄업
C,18,181,18111,경 인쇄업
C,18,181,18112,스크린 인쇄업
C,18,181,18113,오프셋 인쇄업
C,18,181,18119,기타 인쇄업
C,18,181,1812,인쇄관련 산업
C,18,181,18121,제판 및 조판업
C,18,181,18122,제책업
C,18,181,18129,기타 인쇄관련 산업
C,18,182,182,기록매체 복제업
C,18,182,1820,기록매체 복제업
C,18,182,18200,기록매체 복제업
C,19,191,191,코크스 및 연탄 제조업
C,19,191,1910,코크스 및 연탄 제조업
C,19,191,19101,코크스 및 관련제품 제조업
C,19,191,19102,연탄 및 기타 석탄 가공품 제조업
C,19,192,192,석유 정제품 제조업
C,13,134,13401,솜 및 실 염색 가공업
C,13,134,13402,직물_편조 원단 및 의복류 염색 가공업
C,13,134,13403,날염 가공업
C,13,134,13409,섬유제품 기타 정리 및 마무리 가공업
C,13,139,139,기타 섬유제품 제조업
C,13,139,1391,카펫_마루덮개 및 유사 제품 제조업
C,13,139,13910,카펫_마루덮개 및 유사 제품 제조업
C,13,139,1392,끈_로프_망 및 끈 가공품 제조업
C,13,139,13921,끈 및 로프 제조업
C,13,139,13922,어망 및 기타 끈 가공품 제조업
C,13,139,1399,그 외 기타 섬유제품 제조업
C,13,139,13991,세폭직물 제조업
C,13,139,13992,부직포 및 펠트 제조업
C,13,139,13993,특수사 및 코드직물 제조업
C,13,139,13994,표면처리 및 적층 직물 제조업
C,13,139,13999,그 외 기타 분류 안된 섬유제품 제조업
C,14,141,141,봉제의복 제조업
C,14,141,1411,겉옷 제조업
C,14,141,14111,남자용 겉옷 제조업
C,14,141,14112,여자용 겉옷 제조업
C,14,141,1412,속옷 및 잠옷 제조업
C,14,141,14120,속옷 및 잠옷 제조업
C,14,141,1413,한복 제조업
C,14,141,14130,한복 제조업
C,14,141,1419,기타 봉제의복 제조업
C,14,141,14191,셔츠 및 블라우스 제조업
C,14,141,14192,근무복_작업복 및 유사 의복 제조업
C,14,141,14193,가죽의복 제조업
C,14,141,14194,유아용 의복 제조업
C,14,141,14199,그 외 기타 봉제의복 제조업
C,14,142,142,모피제품 제조업
C,14,142,1420,모피제품 제조업
C,14,142,14200,모피제품 제조업
C,14,143,143,편조의복 제조업
C,14,143,1430,편조의복 제조업
C,14,143,14300,편조의복 제조업
C,14,144,144,의복 액세서리 제조업
C,14,144,1441,편조 의복 액세서리 제조업
C,14,144,14411,스타킹 및 기타양말 제조업
C,14,144,14419,기타 편조 의복 액세서리 제조업
C,14,144,1449,기타 의복 액세서리 제조업
C,14,144,14491,모자 제조업
C,14,144,14499,그 외 기타 의복 액세서리 제조업
C,15,151,151,가죽_가방 및 유사 제품 제조업
C,15,151,1511,모피 및 가죽 제조업
C,15,151,15110,모피 및 가죽 제조업
C,15,151,1512,핸드백_가방 및 기타 보호용 케이스 제조업
C,15,151,15121,핸드백 및 지갑 제조업
C,15,151,15129,가방 및 기타 보호용 케이스 제조업
C,15,151,1519,기타 가죽제품 제조업
C,15,151,15190,기타 가죽제품 제조업
C,15,152,152,신발 및 신발 부분품 제조업
C,15,152,1521,신발 제조업
C,15,152,15211,구두류 제조업
C,15,152,15219,기타 신발 제조업
C,15,152,1522,신발 부분품 제조업
C,15,152,15220,신발 부분품 제조업
C,16,161,161,제재 및 목재 가공업
C,16,161,1610,제재 및 목재 가공업
C,16,161,16101,일반 제재업
C,16,161,16102,표면 가공목재 및 특정 목적용 제재목 제조업
C,10,107,10742,천연 및 혼합 조제 조미료 제조업
C,10,107,10743,장류 제조업
C,10,107,10749,기타 식품 첨가물 제조업
C,10,107,1075,도시락 및 식사용 조리식품 제조업
C,10,107,10751,도시락류 제조업
C,10,107,10759,기타 식사용 가공처리 조리식품 제조업
C,10,107,1079,기타 식료품 제조업
C,10,107,10791,커피 가공업
C,10,107,10792,차류 가공업
C,10,107,10793,수프 및 균질화식품 제조업
C,10,107,10794,두부 및 유사 식품 제조업
C,10,107,10795,인삼식품 제조업
C,10,107,10796,건강 보조용 액화식품 제조업
C,10,107,10797,건강 기능식품 제조업
C,10,107,10799,그 외 기타 식료품 제조업
C,10,108,108,동물용 사료 및 조제식품 제조업
C,10,108,1080,동물용 사료 및 조제식품 제조업
C,10,108,10801,배합 사료 제조업
C,10,108,10802,단미사료 및 기타 사료 제조업
C,11,111,111,알코올 음료 제조업
C,11,111,1111,발효주 제조업
C,11,111,11111,탁주 및 약주 제조업
C,11,111,11112,맥아 및 맥주 제조업
C,11,111,11119,기타 발효주 제조업
C,11,111,1112,증류주 및 합성주 제조업
C,11,111,11121,주정 제조업
C,11,111,11122,소주 제조업
C,11,111,11129,기타 증류주 및 합성주 제조업
C,11,112,112,비알코올 음료 및 얼음 제조업
C,11,112,1120,비알코올 음료 및 얼음 제조업
C,11,112,11201,얼음 제조업
C,11,112,11202,생수 생산업
C,11,112,11209,기타 비알코올 음료 제조업
C,12,120,120,담배 제조업
C,12,120,1200,담배 제조업
C,12,120,12000,담배제품 제조업
C,13,131,131,방적 및 가공사 제조업
C,13,131,1310,방적 및 가공사 제조업
C,13,131,13101,면 방적업
C,13,131,13102,모 방적업
C,13,131,13103,화학섬유 방적업
C,13,131,13104,연사 및 가공사 제조업
C,13,131,13109,기타 방적업
C,13,132,132,직물 직조 및 직물제품 제조업
C,13,132,1321,직물 직조업
C,13,132,13211,면직물 직조업
C,13,132,13212,모직물 직조업
C,13,132,13213,화학섬유직물 직조업
C,13,132,13219,특수직물 및 기타 직물 직조업
C,13,132,1322,직물제품 제조업
C,13,132,13221,침구 및 관련제품 제조업
C,13,132,13222,자수제품 및 자수용 재료 제조업
C,13,132,13223,커튼 및 유사 제품 제조업
C,13,132,13224,천막_텐트 및 유사 제품 제조업
C,13,132,13225,직물포대 제조업
C,13,132,13229,기타 직물제품 제조업
C,13,133,133,편조 원단 제조업
C,13,133,1330,편조 원단 제조업
C,13,133,13300,편조 원단 제조업
C,13,134,134,섬유제품 염색_정리 및 마무리 가공업
C,13,134,1340,섬유제품 염색_정리 및 마무리 가공업
C,25,259,25924,절삭 가공 및 유사 처리업
C,25,259,25929,그 외 기타 금속 가공업
C,25,259,2593,날붙이_수공구 및 일반 철물 제조업
C,25,259,25931,날붙이 제조업
C,25,259,25932,일반 철물 제조업
C,25,259,25933,비동력식 수공구 제조업
C,25,259,25934,톱 및 호환성 공구 제조업
C,25,259,2594,금속 파스너_스프링 및 금속선 가공제품 제조업
C,25,259,25941,볼트 및 너트류 제조업
C,25,259,25942,그 외 금속 파스너 및 나사제품 제조업
C,25,259,25943,금속 스프링 제조업
C,25,259,25944,금속선 가공제품 제조업
C,25,259,2599,그 외 기타 금속 가공제품 제조업
C,10,101,101,도축_육류 가공 및 저장 처리업
C,10,101,1011,도축업
C,10,101,10111,육류 도축업(가금류 제외)
C,10,101,10112,가금류 도축업
C,10,101,1012,육류 가공 및 저장 처리업
C,10,101,10121,가금류 가공 및 저장 처리업
C,10,101,10122,육류 포장육 및 냉동육 가공업(가금류 제외)
C,10,101,10129,육류 기타 가공 및 저장 처리업(가금류 제외)
C,10,102,102,수산물 가공 및 저장 처리업
C,10,102,1021,수산동물 가공 및 저장 처리업
C,10,102,10211,수산동물 훈제_조리 및 유사 조제식품 제조업
C,10,102,10212,수산동물 건조 및 염장품 제조업
C,10,102,10213,수산동물 냉동품 제조업
C,10,102,10219,기타 수산동물 가공 및 저장 처리업
C,10,102,1022,수산식물 가공 및 저장 처리업
C,10,102,10220,수산식물 가공 및 저장 처리업
C,10,103,103,과실_채소 가공 및 저장 처리업
C,10,103,1030,과실_채소 가공 및 저장 처리업
C,10,103,10301,김치류 제조업
C,10,103,10302,과실 및 그 외 채소 절임식품 제조업
C,10,103,10309,기타 과실_채소 가공 및 저장 처리업
C,10,104,104,동물성 및 식물성 유지 제조업
C,10,104,1040,동물성 및 식물성 유지 제조업
C,10,104,10401,동물성 유지 제조업
C,10,104,10402,식물성 유지 제조업
C,10,104,10403,식용 정제유 및 가공유 제조업
C,10,105,105,낙농제품 및 식용 빙과류 제조업
C,10,105,1050,낙농제품 및 식용 빙과류 제조업
C,10,105,10501,액상 시유 및 기타 낙농제품 제조업
C,10,105,10502,아이스크림 및 기타 식용 빙과류 제조업
C,10,106,106,곡물 가공품_전분 및 전분제품 제조업
C,10,106,1061,곡물 가공품 제조업
C,10,106,10611,곡물 도정업
C,10,106,10612,곡물 제분업
C,10,106,10613,곡물 혼합 분말 및 반죽 제조업
C,10,106,10619,기타 곡물 가공품 제조업
C,10,106,1062,전분제품 및 당류 제조업
C,10,106,10620,전분제품 및 당류 제조업
C,10,107,107,기타 식품 제조업
C,10,107,1071,떡_빵 및 과자류 제조업
C,10,107,10711,떡류 제조업
C,10,107,10712,빵류 제조업
C,10,107,10713,과자류 및 코코아 제품 제조업
C,10,107,1072,설탕 제조업
C,10,107,10720,설탕 제조업
C,10,107,1073,면류_마카로니 및 유사 식품 제조업
C,10,107,10730,면류_마카로니 및 유사 식품 제조업
C,10,107,1074,조미료 및 식품 첨가물 제조업
C,10,107,10741,식초_발효 및 화학 조미료 제조업
C,24,241,241,1차 철강 제조업
C,24,241,2411,제철_제강 및 합금철 제조업
C,24,241,24111,제철업
C,24,241,24112,제강업
C,24,241,24113,합금철 제조업
C,24,241,24119,기타 제철 및 제강업
C,24,241,2412,철강 압연_압출 및 연신제품 제조업
C,24,241,24121,열간 압연 및 압출제품 제조업
C,24,241,24122,냉간 압연 및 압출 제품 제조업
C,24,241,24123,철강선 제조업
C,24,241,2413,철강관 제조업
C,24,241,24131,주철관 제조업
C,24,241,24132,강관 제조업
C,24,241,24133,강관 가공품 및 관 연결구류 제조업
C,24,241,2419,기타 1차 철강 제조업
C,24,241,24191,도금_착색 및 기타 표면 처리 강재 제조업
C,24,241,24199,그 외 기타 1차 철강 제조업
C,24,242,242,1차 비철금속 제조업
C,24,242,2421,비철금속 제련_정련 및 합금 제조업
C,24,242,24211,동 제련_정련 및 합금 제조업
C,24,242,24212,알루미늄 제련_정련 및 합금 제조업
C,24,242,24213,연 및 아연 제련_정련 및 합금 제조업
C,24,242,24219,기타 비철금속 제련_정련 및 합금 제조업
C,24,242,2422,비철금속 압연_압출 및 연신제품 제조업
C,24,242,24221,동 압연_압출 및 연신제품 제조업
C,24,242,24222,알루미늄 압연_압출 및 연신제품 제조업
C,24,242,24229,기타 비철금속 압연_압출 및 연신제품 제조업
C,24,242,2429,기타 1차 비철금속 제조업
C,24,242,24290,기타 1차 비철금속 제조업
C,24,243,243,금속 주조업
C,24,243,2431,철강 주조업
C,24,243,24311,선철 주물 주조업
C,24,243,24312,강 주물 주조업
C,24,243,2432,비철금속 주조업
C,24,243,24321,알루미늄 주물 주조업
C,24,243,24322,동 주물 주조업
C,24,243,24329,기타 비철금속 주조업
C,25,251,251,구조용 금속제품_탱크 및 증기발생기 제조업
C,25,251,2511,구조용 금속제품 제조업
C,25,251,25111,금속 문_창_셔터 및 관련제품 제조업
C,25,251,25112,구조용 금속 판제품 및 공작물 제조업
C,25,251,25113,육상 금속 골조 구조재 제조업
C,25,251,25114,수상 금속 골조 구조재 제조업
C,25,251,25119,기타 구조용 금속제품 제조업
C,25,251,2512,산업용 난방 보일러_금속탱크 및 유사 용기 제조업
C,25,251,25121,산업용 난방보일러 및 방열기 제조업
C,25,251,25122,금속 탱크 및 저장 용기 제조업
C,25,251,25123,압축 및 액화 가스 용기 제조업
C,25,251,2513,핵반응기 및 증기보일러 제조업
C,25,251,25130,핵반응기 및 증기보일러 제조업
C,25,252,252,무기 및 총포탄 제조업
C,25,252,2520,무기 및 총포탄 제조업
C,25,252,25200,무기 및 총포탄 제조업
C,25,259,259,기타 금속 가공제품 제조업
C,25,259,2591,금속 단조_압형 및 분말 야금제품 제조업
C,25,259,25911,분말 야금제품 제조업
C,25,259,25912,금속 단조제품 제조업
C,25,259,25913,자동차용 금속 압형제품 제조업
C,25,259,25914,그 외 금속 압형제품 제조업
C,25,259,2592,금속 열처리_도금 및 기타 금속 가공업
C,25,259,25921,금속 열처리업
C,25,259,25922,도금업
C,25,259,25923,도장 및 기타 피막 처리업
C,33,334,33402,영상게임기 제조업
C,33,334,33409,기타 오락용품 제조업
C,33,339,339,그 외 기타 제품 제조업
C,33,339,3391,간판 및 광고물 제조업
C,25,259,25991,금속 캔 및 기타 포장용기 제조업
C,25,259,25992,수동식 식품 가공 기기 및 금속 주방용기 제조업
C,25,259,25993,금속 위생용품 제조업
C,25,259,25994,금속 표시판 제조업
C,25,259,25995,피복 및 충전 용접봉 제조업
C,25,259,25999,그 외 기타 분류 안된 금속 가공제품 제조업
C,26,261,261,반도체 제조업
C,26,261,2611,전자집적회로 제조업
C,26,261,26111,메모리용 전자집적회로 제조업
C,26,261,26112,비메모리용 및 기타 전자집적회로 제조업
C,26,261,2612,다이오드_트랜지스터 및 유사 반도체 소자 제조업
C,26,261,26121,발광 다이오드 제조업
C,26,261,26129,기타 반도체 소자 제조업
C,26,262,262,전자 부품 제조업
C,26,262,2621,표시장치 제조업
C,26,262,26211,액정 표시장치 제조업
C,26,262,26212,유기 발광 표시장치 제조업
C,26,262,26219,기타 표시장치 제조업
C,26,262,2622,인쇄회로기판 및 전자부품 실장기판 제조업
C,26,262,26221,인쇄회로기판용 적층판 제조업
C,26,262,26222,경성 인쇄회로기판 제조업
C,26,262,26223,연성 및 기타 인쇄회로기판 제조업
C,26,262,26224,전자 부품 실장기판 제조업
C,26,262,2629,기타 전자 부품 제조업
C,26,262,26291,전자 축전기 제조업
C,26,262,26292,전자 저항기 제조업
C,26,262,26293,전자카드 제조업
C,26,262,26294,전자코일_변성기 및 기타 전자 유도자 제조업
C,26,262,26295,전자 감지장치 제조업
C,26,262,26299,그 외 기타 전자 부품 제조업
C,26,263,263,컴퓨터 및 주변 장치 제조업
C,26,263,2631,컴퓨터 제조업
C,26,263,26310,컴퓨터 제조업
C,26,263,2632,기억 장치 및 주변 기기 제조업
C,26,263,26321,기억 장치 제조업
C,26,263,26322,컴퓨터 모니터 제조업
C,26,263,26323,컴퓨터 프린터 제조업
C,26,263,26329,기타 주변 기기 제조업
C,26,264,264,통신 및 방송장비 제조업
C,26,264,2641,유선 통신장비 제조업
C,26,264,26410,유선 통신장비 제조업
C,23,233,23321,비내화 모르타르 제조업
C,23,233,23322,레미콘 제조업
C,23,233,23323,플라스터 혼합제품 제조업
C,23,233,23324,콘크리트 타일_기와_벽돌 및 블록 제조업
C,23,233,23325,콘크리트 관 및 기타 구조용 콘크리트제품 제조업
C,23,233,23329,그 외 기타 콘크리트 제품 및 유사 제품 제조업
C,23,239,239,기타 비금속 광물제품 제조업
C,23,239,2391,석제품 제조업
C,23,239,23911,건설용 석제품 제조업
C,23,239,23919,기타 석제품 제조업
C,23,239,2399,그 외 기타 비금속 광물제품 제조업
C,23,239,23991,아스팔트 콘크리트 및 혼합제품 제조업
C,23,239,23992,연마재 제조업
C,23,239,23993,비금속광물 분쇄물 생산업
C,23,239,23994,암면 및 유사 제품 제조업
C,23,239,23995,탄소섬유 제조업
C,23,239,23999,그 외 기타 분류 안된 비금속 광물제품 제조업
C,30,303,30393,자동차용 신품 의자 제조업
C,30,303,30399,그 외 자동차용 신품 부품 제조업
C,30,304,304,자동차 재제조 부품 제조업
C,30,304,3040,자동차 재제조 부품 제조업
C,30,304,30400,자동차 재제조 부품 제조업
C,31,311,311,선박 및 보트 건조업
C,31,311,3111,선박 및 수상 부유 구조물 건조업
C,31,311,31111,강선 건조업
C,31,311,31112,합성수지선 건조업
C,31,311,31113,기타 선박 건조업
C,31,311,31114,선박 구성 부분품 제조업
C,31,311,3112,오락 및 스포츠용 보트 건조업
C,31,311,31120,오락 및 스포츠용 보트 건조업
C,31,312,312,철도장비 제조업
C,31,312,3120,철도장비 제조업
C,31,312,31201,기관차 및 기타 철도 차량 제조업
C,31,312,31202,철도 차량 부품 및 관련 장치물 제조업
C,31,313,313,항공기_우주선 및 부품 제조업
C,31,313,3131,항공기_우주선 및 보조장치 제조업
C,31,313,31311,유인 항공기_항공 우주선 및 보조장치 제조업
C,31,313,31312,무인 항공기 및 무인 비행장치 제조업
C,31,313,3132,항공기용 엔진 및 부품 제조업
C,31,313,31321,항공기용 엔진 제조업
C,31,313,31322,항공기용 부품 제조업
C,31,319,319,그 외 기타 운송장비 제조업
C,31,319,3191,전투용 차량 제조업
C,31,319,31910,전투용 차량 제조업
C,31,319,3192,모터사이클 제조업
C,31,319,31920,모터사이클 제조업
C,31,319,3199,그 외 기타 분류 안된 운송장비 제조업
C,31,319,31991,자전거 및 환자용 차량 제조업
C,31,319,31999,그 외 기타 달리 분류되지 않은 운송장비 제조업
C,32,320,320,가구 제조업
C,32,320,3201,침대 및 내장 가구 제조업
C,32,320,32011,매트리스 및 침대 제조업
C,32,320,32019,소파 및 기타 내장 가구 제조업
C,32,320,3202,목재 가구 제조업
C,32,320,32021,주방용 및 음식점용 목재 가구 제조업
C,32,320,32029,기타 목재 가구 제조업
C,32,320,3209,기타 가구 제조업
C,32,320,32091,금속 가구 제조업
C,32,320,32099,그 외 기타 가구 제조업
C,33,331,331,귀금속 및 장신용품 제조업
C,33,331,3311,귀금속 및 관련제품 제조업
C,33,331,33110,귀금속 및 관련제품 제조업
C,33,331,3312,모조 귀금속 및 모조 장신용품 제조업
C,33,331,33120,모조 귀금속 및 모조 장신용품 제조업
C,33,332,332,악기 제조업
C,33,332,3320,악기 제조업
C,33,332,33201,건반 악기 제조업
C,33,332,33202,전자 악기 제조업
C,33,332,33209,기타 악기 제조업
C,33,333,333,운동 및 경기용구 제조업
C,33,333,3330,운동 및 경기용구 제조업
C,33,333,33301,체조_육상 및 체력 단련용 장비 제조업
C,33,333,33302,놀이터용 장비 제조업
C,33,333,33303,낚시 및 수렵용구 제조업
C,33,333,33309,기타 운동 및 경기용구 제조업
C,33,334,334,인형_장난감 및 오락용품 제조업
C,33,334,3340,인형_장난감 및 오락용품 제조업
C,33,334,33401,인형 및 장난감 제조업
C,29,291,29174,기체 여과기 제조업
C,29,291,29175,액체 여과기 제조업
C,29,291,29176,증류기_열 교환기 및 가스 발생기 제조업
C,29,291,2918,사무용 기계 및 장비 제조업
C,29,291,29180,사무용 기계 및 장비 제조업
C,29,291,2919,기타 일반 목적용 기계 제조업
C,29,291,29191,일반 저울 제조업
C,29,291,29192,용기 세척_포장 및 충전기 제조업
C,29,291,29193,분사기 및 소화기 제조업
C,29,291,29194,동력식 수지 공구 제조업
C,29,291,29199,그 외 기타 일반 목적용 기계 제조업
C,29,292,292,특수 목적용 기계 제조업
C,29,292,2921,농업 및 임업용 기계 제조업
C,29,292,29210,농업 및 임업용 기계 제조업
C,29,292,2922,가공 공작기계 제조업
C,29,292,29221,전자 응용 절삭기계 제조업
C,29,292,29222,디지털 적층 성형기계 제조업
C,29,292,29223,금속 절삭기계 제조업
C,29,292,29224,금속 성형기계 제조업
C,29,292,29229,기타 가공 공작기계 제조업
C,29,292,2923,금속 주조 및 기타 야금용 기계 제조업
C,29,292,29230,금속 주조 및 기타 야금용 기계 제조업
C,29,292,2924,건설 및 광업용 기계장비 제조업
C,29,292,29241,건설 및 채광용 기계장비 제조업
C,29,292,29242,광물 처리 및 취급장비 제조업
C,29,292,2925,음_식료품 및 담배 가공기계 제조업
C,29,292,29250,음_식료품 및 담배 가공기계 제조업
C,29,292,2926,섬유_의복 및 가죽 가공기계 제조업
C,29,292,29261,산업용 섬유 세척_염색_정리 및 가공 기계 제조업
C,29,292,29269,기타 섬유_의복 및 가죽 가공기계 제조업
C,29,292,2927,반도체 및 디스플레이 제조용 기계 제조업
C,29,292,29271,반도체 제조용 기계 제조업
C,29,292,29272,디스플레이 제조용 기계 제조업
C,29,292,2928,산업용 로봇 제조업
C,29,292,29280,산업용 로봇 제조업
C,29,292,2929,기타 특수 목적용 기계 제조업
C,29,292,29291,펄프 및 종이 가공용 기계 제조업
C,29,292,29292,고무_화학섬유 및 플라스틱 성형기 제조업
C,29,292,29293,인쇄 및 제책용 기계 제조업
C,29,292,29294,주형 및 금형 제조업
C,29,292,29299,그 외 기타 특수 목적용 기계 제조업
C,30,301,301,자동차용 엔진 및 자동차 제조업
C,30,301,3011,자동차용 엔진 제조업
C,30,301,30110,자동차용 엔진 제조업
C,30,301,3012,자동차 제조업
C,30,301,30121,승용차 및 기타 여객용 자동차 제조업
C,30,301,30122,화물 자동차 및 특수 목적용 자동차 제조업
C,30,302,302,자동차 차체 및 트레일러 제조업
C,30,302,3020,자동차 차체 및 트레일러 제조업
C,30,302,30201,차체 및 특장차 제조업
C,30,302,30202,자동차 구조 및 장치 변경업
C,30,302,30203,트레일러 및 세미 트레일러 제조업
C,30,303,303,자동차 신품 부품 제조업
C,30,303,3031,자동차 엔진용 신품 부품 제조업
C,30,303,30310,자동차 엔진용 신품 부품 제조업
C,30,303,3032,자동차 차체용 신품 부품 제조업
C,30,303,30320,자동차 차체용 신품 부품 제조업
C,30,303,3033,자동차용 신품 동력 전달장치 및 전기장치 제조업
C,30,303,30331,자동차용 신품 동력 전달장치 제조업
C,30,303,30332,자동차용 신품 전기장치 제조업
C,30,303,3039,자동차용 기타 신품 부품 제조업
C,30,303,30391,자동차용 신품 조향장치 및 현가장치 제조업
C,30,303,30392,자동차용 신품 제동장치 제조업
C,28,284,2841,전구 및 램프 제조업
C,28,284,28410,전구 및 램프 제조업
C,28,284,2842,조명장치 제조업
C,28,284,28421,운송장비용 조명장치 제조업
C,28,284,28422,일반용 전기 조명장치 제조업
C,28,284,28423,전시 및 광고용 조명장치 제조업
C,28,284,28429,기타 조명장치 제조업
C,28,285,285,가정용 기기 제조업
C,28,285,2851,가정용 전기 기기 제조업
C,28,285,28511,주방용 전기 기기 제조업
C,28,285,28512,가정용 전기 난방기기 제조업
C,28,285,28519,기타 가정용 전기 기기 제조업
C,28,285,2852,가정용 비전기식 조리 및 난방 기구 제조업
C,28,285,28520,가정용 비전기식 조리 및 난방 기구 제조업
C,28,289,289,기타 전기장비 제조업
C,28,289,2890,기타 전기장비 제조업
C,28,289,28901,전기 경보 및 신호장치 제조업
C,28,289,28902,전기용 탄소제품 및 절연제품 제조업
C,28,289,28903,교통 신호장치 제조업
C,28,289,28909,그 외 기타 전기장비 제조업
C,29,291,291,일반 목적용 기계 제조업
C,29,291,2911,내연기관 및 터빈 제조업_항공기용 및 차량용 제외
C,29,291,29111,내연기관 제조업
C,29,291,29119,기타 기관 및 터빈 제조업
C,33,339,33910,간판 및 광고물 제조업
C,33,339,3392,사무 및 회화용품 제조업
C,33,339,33920,사무 및 회화용품 제조업
C,33,339,3393,가발_장식용품 및 전시용 모형 제조업
C,33,339,33931,가발 및 유사 제품 제조업
C,33,339,33932,전시용 모형 제조업
C,33,339,33933,표구 처리업
C,33,339,3399,그 외 기타 분류 안된 제품 제조업
C,33,339,33991,단추 및 유사 파스너 제조업
C,33,339,33992,라이터_연소물 및 흡연용품 제조업
C,33,339,33993,비 및 솔 제조업
C,33,339,33999,그 외 기타 달리 분류되지 않은 제품 제조업
C,34,340,340,산업용 기계 및 장비 수리업
C,34,340,3401,일반 기계류 수리업
C,34,340,34011,건설_광업용 기계 및 장비 수리업
C,34,340,34019,기타 일반 기계 및 장비 수리업
C,34,340,3402,전기_전자 및 정밀 기기 수리업
C,34,340,34020,전기_전자 및 정밀 기기 수리업
C,29,291,2912,유압 기기 제조업
C,29,291,29120,유압 기기 제조업
C,29,291,2913,펌프 및 압축기 제조업_탭_밸브 및 유사 장치 제조 포함
C,29,291,29131,액체 펌프 제조업
C,29,291,29132,기체 펌프 및 압축기 제조업
C,29,291,29133,탭_밸브 및 유사 장치 제조업
C,29,291,2914,베어링_기어 및 동력 전달장치 제조업
C,29,291,29141,구름베어링 제조업
C,29,291,29142,기어 및 동력전달장치 제조업
C,29,291,2915,산업용 오븐_노 및 노용 버너 제조업
C,29,291,29150,산업용 오븐_노 및 노용 버너 제조업
C,29,291,2916,산업용 트럭_승강기 및 물품 취급장비 제조업
C,29,291,29161,산업용 트럭 및 적재기 제조업
C,29,291,29162,승강기 제조업
C,29,291,29163,컨베이어 장치 제조업
C,29,291,29169,기타 물품 취급장비 제조업
C,29,291,2917,냉각_공기 조화_여과_증류 및 가스 발생기 제조업
C,29,291,29171,산업용 냉장 및 냉동장비 제조업
C,29,291,29172,공기 조화장치 제조업
C,29,291,29173,산업용 송풍기 및 배기장치 제조업
C,26,264,2642,방송 및 무선 통신장비 제조업
C,26,264,26421,방송장비 제조업
C,26,264,26422,이동 전화기 제조업
C,26,264,26429,기타 무선 통신장비 제조업
C,26,265,265,영상 및 음향 기기 제조업
C,26,265,2651,텔레비전_비디오 및 기타 영상 기기 제조업
C,26,265,26511,텔레비전 제조업
C,26,265,26519,비디오 및 기타 영상 기기 제조업
C,26,265,2652,오디오_스피커 및 기타 음향 기기 제조업
C,26,265,26521,라디오_녹음 및 재생 기기 제조업
C,26,265,26529,기타 음향기기 제조업
C,26,266,266,마그네틱 및 광학 매체 제조업
C,26,266,2660,마그네틱 및 광학 매체 제조업
C,26,266,26600,마그네틱 및 광학 매체 제조업
C,27,271,271,의료용 기기 제조업
C,27,271,2711,방사선 장치 및 전기식 진단 기기 제조업
C,27,271,27111,방사선 장치 제조업
C,27,271,27112,전기식 진단 및 요법 기기 제조업
C,27,271,2719,기타 의료용 기기 제조업
C,27,271,27191,치과용 기기 제조업
C,27,271,27192,정형 외과용 및 신체 보정용 기기 제조업
C,27,271,27193,안경 및 안경렌즈 제조업
C,27,271,27194,의료용 가구 제조업
C,27,271,27199,그 외 기타 의료용 기기 제조업
C,27,272,272,측정_시험_항해_제어 및 기타 정밀 기기 제조업; 광학 기기 제외
C,27,272,2721,측정_시험_항해_제어 및 기타 정밀 기기 제조업
C,27,272,27211,레이더_항행용 무선 기기 및 측량 기구 제조업
C,27,272,27212,전자기 측정_시험 및 분석 기구 제조업
C,27,272,27213,물질 검사_측정 및 분석 기구 제조업
C,27,272,27214,속도계 및 적산계기 제조업
C,27,272,27215,기기용 자동 측정 및 제어장치 제조업
C,27,272,27216,산업 처리공정 제어장비 제조업
C,27,272,27219,기타 측정_시험_항해_제어 및 정밀 기기 제조업
C,27,273,273,사진장비 및 광학 기기 제조업
C,27,273,2730,사진장비 및 광학기기 제조업
C,27,273,27301,광학 렌즈 및 광학 요소 제조업
C,27,273,27302,사진기_영사기 및 관련 장비 제조업
C,27,273,27309,기타 광학 기기 제조업
C,27,274,274,시계 및 시계 부품 제조업
C,27,274,2740,시계 및 시계 부품 제조업
C,27,274,27400,시계 및 시계 부품 제조업
C,28,281,281,전동기_발전기 및 전기 변환_공급_제어 장치 제조업
C,28,281,2811,전동기_발전기 및 전기 변환장치 제조업
C,28,281,28111,전동기 및 발전기 제조업
C,28,281,28112,변압기 제조업
C,28,281,28113,방전 램프용 안정기 제조업
C,28,281,28114,에너지 저장장치 제조업
C,28,281,28119,기타 전기 변환장치 제조업
C,28,281,2812,전기 공급 및 제어장치 제조업
C,28,281,28121,전기회로 개폐_보호 장치 제조업
C,28,281,28122,전기회로 접속장치 제조업
C,28,281,28123,배전반 및 전기 자동제어반 제조업
C,28,282,282,일차전지 및 축전지 제조업
C,28,282,2820,일차전지 및 축전지 제조업
C,28,282,28201,일차전지 제조업
C,28,282,28202,축전지 제조업
C,28,283,283,절연선 및 케이블 제조업
C,28,283,2830,절연선 및 케이블 제조업
C,28,283,28301,광섬유 케이블 제조업
C,28,283,28302,기타 절연선 및 케이블 제조업
C,28,283,28303,절연 코드세트 및 기타 도체 제조업
C,28,284,284,전구 및 조명장치 제조업
D,35,351,351,전기업
D,35,351,3511,발전업
D,35,351,35111,원자력 발전업
D,35,351,35112,수력 발전업
D,35,351,35113,화력 발전업
D,35,351,35114,태양력 발전업
D,35,351,35119,기타 발전업
D,35,351,3512,송전 및 배전업
D,35,351,35120,송전 및 배전업
D,35,351,3513,전기 판매업
D,35,351,35130,전기 판매업
D,35,352,352,연료용 가스 제조 및 배관공급업
D,35,352,3520,연료용 가스 제조 및 배관공급업
D,35,352,35200,연료용 가스 제조 및 배관공급업
D,35,353,353,증기_냉_온수 및 공기 조절 공급업
D,35,353,3530,증기_냉_온수 및 공기 조절 공급업
D,35,353,35300,증기_냉_온수 및 공기 조절 공급업
E,36,360,360,수도업
E,36,360,3601,생활용수 공급업
E,36,360,36010,생활용수 공급업
E,36,360,3602,산업용수 공급업
E,36,360,36020,산업용수 공급업
E,37,370,370,하수_폐수 및 분뇨 처리업
E,37,370,3701,하수 및 폐수 처리업
E,37,370,37011,하수 처리업
E,37,370,37012,폐수 처리업
E,37,370,3702,분뇨 처리업
E,37,370,37021,사람 분뇨 처리업
E,37,370,37022,축산 분뇨 처리업
E,38,381,381,폐기물 수집_운반업
E,38,381,3811,지정 외 폐기물 수집_운반업
E,38,381,38110,지정 외 폐기물 수집_운반업
E,38,381,3812,지정 폐기물 수집_운반업
E,38,381,38120,지정 폐기물 수집_운반업
E,38,381,3813,건설 폐기물 수집_운반업
E,38,381,38130,건설 폐기물 수집_운반업
E,38,382,382,폐기물 처리업
E,38,382,3821,지정 외 폐기물 처리업
E,38,382,38210,지정 외 폐기물 처리업
E,38,382,3822,지정 폐기물 처리업
E,38,382,38220,지정 폐기물 처리업
E,38,382,3823,건설 폐기물 처리업
E,38,382,38230,건설 폐기물 처리업
E,38,382,3824,방사성 폐기물 수집_운반 및 처리업
E,38,382,38240,방사성 폐기물 수집_운반 및 처리업
E,38,383,383,해체_선별 및 원료 재생업
E,38,383,3831,금속류 해체_선별 및 원료 재생업
E,38,383,38311,금속류 해체 및 선별업
E,38,383,38312,금속류 원료 재생업
E,38,383,3832,비금속류 해체_선별 및 원료 재생업
E,38,383,38321,비금속류 해체 및 선별업
E,38,383,38322,비금속류 원료 재생업
E,39,390,390,환경 정화 및 복원업
E,39,390,3900,환경 정화 및 복원업
E,39,390,39001,토양 및 지하수 정화업
E,39,390,39009,기타 환경 정화 및 복원업
F,42,424,42499,그 외 기타 건축 마무리 공사업
F,42,425,425,시설물 유지관리 공사업
F,42,425,4250,시설물 유지관리 공사업
F,42,425,42500,시설물 유지관리 공사업
F,42,426,426,건설장비 운영업
F,42,426,4260,건설장비 운영업
F,42,426,42600,건설장비 운영업
F,41,411,411,건물 건설업
F,41,411,4111,주거용 건물 건설업
F,41,411,41111,단독 주택 건설업
F,41,411,41112,아파트 건설업
F,41,411,4112,비주거용 건물 건설업
F,41,411,41121,사무_상업용 및 공공기관용 건물 건설업
F,41,411,41122,제조업 및 유사 산업용 건물 건설업
F,41,411,41129,기타 비주거용 건물 건설업
F,41,412,412,토목 건설업
F,41,412,4121,지반조성 건설업
F,41,412,41210,지반조성 건설업
F,41,412,4122,토목 시설물 건설업
F,41,412,41221,도로 건설업
F,41,412,41222,교량_터널 및 철도 건설업
F,41,412,41223,항만_수로_댐 및 유사 구조물 건설업
F,41,412,41224,환경설비 건설업
F,41,412,41225,산업 생산시설 종합 건설업
F,41,412,41226,조경 건설업
F,41,412,41229,기타 토목 시설물 건설업
F,42,421,421,기반조성 및 시설물 축조관련 전문공사업
F,42,421,4211,건물 및 구축물 해체 공사업
F,42,421,42110,건물 및 구축물 해체 공사업
F,42,421,4212,기반조성 관련 전문공사업
F,42,421,42121,토공사업
F,42,421,42122,보링_그라우팅 및 관정 공사업
F,42,421,42123,파일공사 및 축조관련 기초 공사업
F,42,421,42129,기타 기반조성 관련 전문공사업
F,42,421,4213,시설물 축조 관련 전문공사업
F,42,421,42131,철골 및 관련 구조물 공사업
F,42,421,42132,콘크리트 및 철근 공사업
F,42,421,42133,조적 및 석공사업
F,42,421,42134,포장 공사업
F,42,421,42135,철도 궤도 전문공사업
F,42,421,42136,수중 공사업
F,42,421,42137,비계 및 형틀 공사업
F,42,421,42138,지붕_내_외벽 축조 관련 전문공사업
F,42,421,42139,기타 옥외 시설물 축조관련 전문공사업
F,42,422,422,건물설비 설치 공사업
F,42,422,4220,건물설비 설치 공사업
F,42,422,42201,배관 및 냉_난방 공사업
F,42,422,42202,건물용 기계_장비 설치 공사업
F,42,422,42203,방음_방진 및 내화 공사업
F,42,422,42204,소방시설 공사업
F,42,422,42209,기타 건물 관련설비 설치 공사업
F,42,423,423,전기 및 통신 공사업
F,42,423,4231,전기 공사업
F,42,423,42311,일반 전기 공사업
F,42,423,42312,내부 전기배선 공사업
F,42,423,4232,통신 공사업
F,42,423,42321,일반 통신 공사업
F,41,411,41119,기타 공동 주택 건설업
F,42,423,42322,내부 통신배선 공사업
F,42,424,424,실내건축 및 건축마무리 공사업
F,42,424,4241,도장_도배 및 내장 공사업
F,42,424,42411,도장 공사업
F,42,424,42412,도배_실내 장식 및 내장 목공사업
F,42,424,4242,유리 및 창호 공사업
F,42,424,42420,유리 및 창호 공사업
F,42,424,4249,기타 건축 마무리 공사업
F,42,424,42491,미장_타일 및 방수 공사업
F,42,424,42492,건물용 금속 공작물 설치 공사업
G,47,478,47869,기타 중고 상품 소매업
G,47,479,479,무점포 소매업
G,47,479,4791,통신 판매업
G,47,479,47911,전자상거래 소매 중개업
G,47,479,47912,전자상거래 소매업
G,47,479,47919,기타 통신 판매업
G,47,479,4792,노점 및 유사 이동 소매업
G,47,479,47920,노점 및 유사 이동 소매업
G,47,479,4799,기타 무점포 소매업
G,47,479,47991,자동 판매기 운영업
G,47,479,47992,계약배달 판매업
G,47,479,47993,방문 판매업
G,47,479,47999,그 외 기타 무점포 소매업
G,47,474,47417,유아용 의류 소매업
G,47,474,47419,기타 의복 소매업
G,47,474,4742,섬유_직물 및 의복 액세서리 소매업
G,47,474,47421,가정용 직물제품 소매업
G,47,474,47422,의복 액세서리 및 모조 장신구 소매업
G,47,474,47429,섬유 원단_실 및 기타 섬유제품 소매업
G,47,474,4743,신발 소매업
G,47,474,47430,신발 소매업
G,47,474,4744,가방 및 기타 가죽제품 소매업
G,47,474,47440,가방 및 기타 가죽제품 소매업
G,47,475,475,기타 생활용품 소매업
G,47,475,4751,철물_공구_창호 및 건설자재 소매업
G,47,475,47511,철물 및 난방용구 소매업
G,47,475,47512,공구 소매업
G,47,475,47513,벽지_마루덮개 및 장판류 소매업
G,47,475,47519,페인트_창호 및 기타 건설자재 소매업
G,47,475,4752,가구 소매업
G,47,475,47520,가구 소매업
G,47,475,4759,그 외 기타 가정용품 소매업
G,47,475,47591,전기용품 및 조명장치 소매업
G,47,475,47592,주방용품 및 가정용 유리_요업제품 소매업
G,47,475,47593,악기 소매업
G,47,475,47599,그 외 기타 분류 안된 가정용품 소매업
G,47,476,476,문화_오락 및 여가 용품 소매업
G,47,476,4761,서적 및 문구용품 소매업
G,47,476,47611,서적_신문 및 잡지류 소매업
G,47,476,47612,문구용품 및 회화용품 소매업
G,47,476,4762,음반 및 비디오물 소매업
G,47,476,47620,음반 및 비디오물 소매업
G,47,476,4763,운동용품 및 자전거 소매업
G,47,476,47631,운동 및 경기용품 소매업
G,47,476,47632,자전거 및 기타 운송장비 소매업
G,47,476,4764,게임용구_인형 및 장난감 소매업
G,47,476,47640,게임용구_인형 및 장난감 소매업
G,47,477,477,연료 소매업
G,47,477,4771,운송장비용 연료 소매업
G,47,477,47711,운송장비용 주유소 운영업
G,47,477,47712,운송장비용 가스 충전업
G,47,477,4772,가정용 연료 소매업
G,47,477,47721,가정용 고체 연료 소매업
G,47,477,47722,가정용 액체 연료 소매업
G,47,477,47723,가정용 가스 연료 소매업
G,47,478,478,기타 상품 전문 소매업
G,47,478,4781,의약품_의료용 기구_화장품 및 방향제 소매업
G,47,478,47811,의약품 및 의료용품 소매업
G,47,478,47812,의료용 기구 소매업
G,47,478,47813,화장품_비누 및 방향제 소매업
G,47,478,4782,사무용 기기_안경_사진장비 및 정밀기기 소매업
G,47,478,47821,사무용 기기 소매업
G,47,478,47822,안경 및 렌즈 소매업
G,47,478,47823,사진기 및 사진용품 소매업
G,47,478,47829,기타 광학 및 정밀 기기 소매업
G,47,478,4783,시계 및 귀금속 소매업
G,47,478,47830,시계 및 귀금속 소매업
G,47,478,4784,예술품_기념품 및 장식용품 소매업
G,47,478,47841,예술품 및 골동품 소매업
G,47,478,47842,기념품_관광 민예품 및 장식용품 소매업
G,47,478,4785,그 외 기타 상품 전문 소매업
G,47,478,47851,화초 및 식물 소매업
G,47,478,47852,애완용 동물 및 관련용품 소매업
G,47,478,47859,그 외 기타 분류 안된 상품 전문 소매업
G,47,478,4786,중고 상품 소매업
G,47,478,47861,중고 가구 소매업
G,47,478,47862,중고 가전제품 및 통신장비 소매업
G,46,464,46441,의약품 도매업
G,46,464,46442,의료용품 도매업
G,46,464,46443,화장품 및 화장용품 도매업
G,46,464,46444,비누 및 세정제 도매업
G,46,464,4645,생활용 포장_위생용품_문구용품 및 출판 인쇄물 도매업
G,46,464,46451,생활용 포장 및 위생용품_봉투 및 유사 제품 도매업
G,46,464,46452,문구용품_회화용품_사무용품 도매업
G,46,464,46453,서적_잡지 및 기타 인쇄물 도매업
G,46,464,4646,음반 및 비디오물_악기_오락 및 경기용품 도매업
G,46,464,46461,음반 및 비디오물 도매업
G,46,464,46462,악기 도매업
G,46,464,46463,장난감 및 취미_오락용품 도매업
G,46,464,46464,운동 및 경기용품 도매업
G,46,464,46465,자전거 및 기타 운송장비 도매업
G,46,464,4649,가방_시계_안경 및 기타 생활용품 도매업
G,46,464,46491,가방 및 보호용 케이스 도매업
G,46,464,46492,시계 및 귀금속 제품 도매업
G,46,464,46493,안경_사진장비 및 광학용품 도매업
G,46,464,46499,그 외 기타 생활용품 도매업
G,46,465,465,기계장비 및 관련 물품 도매업
G,46,465,4651,컴퓨터 및 주변장치_소프트웨어 도매업
G,46,465,46510,컴퓨터 및 주변장치_소프트웨어 도매업
G,46,465,4652,가전제품_통신장비 및 부품 도매업
G,46,465,46521,가전제품 및 부품 도매업
G,46,465,46522,통신_방송장비 및 부품 도매업
G,46,465,4653,산업용 기계 및 장비 도매업
G,46,465,46531,농림업용 기계 및 장비 도매업
G,46,465,46532,건설_광업용 기계 및 장비 도매업
G,46,465,46533,공작용 기계 및 장비 도매업
G,46,465,46539,기타 산업용 기계 및 장비 도매업
G,46,465,4659,기타 기계 및 장비 도매업
G,46,465,46591,사무용 가구 및 기기 도매업
G,46,465,46592,의료 기기 도매업
G,46,465,46593,정밀 기기 및 과학 기기 도매업
G,46,465,46594,수송용 운송장비 도매업
G,46,465,46595,전기용 기계_장비 및 관련 기자재 도매업
G,46,465,46596,전지 및 케이블 도매업
G,46,465,46599,그 외 기타 기계 및 장비 도매업
G,46,466,466,건축 자재_철물 및 난방장치 도매업
G,46,466,4661,일반 건축자재 도매업
G,46,466,46611,원목 및 건축관련 목제품 도매업
G,46,466,46612,골재_벽돌 및 시멘트 도매업
G,46,466,46613,유리 및 창호 도매업
G,46,466,4662,냉_난방장치 및 철물_수공구 도매업
G,46,466,46621,배관 및 냉_난방장치 도매업
G,46,466,46622,철물_금속 파스너 및 수공구 도매업
G,46,466,4669,기타 건축자재 도매업
G,46,466,46691,도료 도매업
G,46,466,46692,벽지 및 장판류 도매업
G,46,466,46699,그 외 기타 건축자재 도매업
G,46,467,467,기타 전문 도매업
G,46,467,4671,연료_연료용 광물 및 관련제품 도매업
G,46,467,46711,고체 연료 및 관련제품 도매업
G,46,467,46712,액체 연료 및 관련제품 도매업
G,46,467,46713,기체 연료 및 관련제품 도매업
G,46,467,4672,1차 금속제품 및 금속광물 도매업
G,46,467,46721,1차 금속제품 도매업
G,46,467,46722,금속광물 도매업
G,46,467,4673,화학 물질 및 화학제품 도매업
G,46,467,46731,염료_안료 및 관련제품 도매업
G,47,474,47413,속옷 및 잠옷 소매업
G,47,474,47414,셔츠 및 블라우스 소매업
G,47,474,47415,한복 소매업
G,47,474,47416,가죽 및 모피 의복 소매업
G,45,452,45219,기타 자동차 신품 부품 및 내장품 판매업
G,45,452,4522,자동차 중고 부품 및 내장품 판매업
G,45,452,45220,자동차 중고 부품 및 내장품 판매업
G,45,453,453,모터사이클 및 부품 판매업
G,45,453,4530,모터사이클 및 부품 판매업
G,45,453,45301,모터사이클 및 부품 도매업
G,45,453,45302,모터사이클 및 부품 소매업
G,46,461,461,상품 중개업
G,46,461,4610,상품 중개업
G,46,461,46101,산업용 농_축산물_섬유 원료 및 동물 중개업
G,46,461,46102,음_식료품 및 담배 중개업
G,46,461,46103,섬유_의복_신발 및 가죽제품 중개업
G,46,461,46104,목재 및 건축자재 중개업
G,46,461,46105,연료_광물_1차 금속_비료 및 화학제품 중개업
G,46,461,46106,기계 및 장비 중개업
G,46,461,46107,그 외 기타 특정 상품 중개업
G,46,461,46109,상품 종합 중개업
G,46,462,462,산업용 농_축산물 및 동_식물 도매업
G,46,462,4620,산업용 농_축산물 및 동_식물 도매업
G,46,462,46201,곡물 및 유지작물 도매업
G,46,462,46202,종자 및 묘목 도매업
G,46,462,46203,사료 도매업
G,46,462,46204,화훼류 및 식물 도매업
G,46,462,46205,육지 동물 및 애완 동물 도매업
G,46,462,46209,기타 산업용 농산물 도매업
G,46,463,463,음_식료품 및 담배 도매업
G,46,463,4631,신선 식품 및 단순 가공 식품 도매업
G,46,463,46311,과실류 도매업
G,46,463,46312,채소류_서류 및 향신작물류 도매업
G,46,463,46313,육류 도매업
G,46,463,46314,건어물 및 젓갈류 도매업
G,46,463,46315,신선_냉동 및 기타 수산물 도매업
G,46,463,46319,기타 신선 식품 및 단순 가공 식품 도매업
G,46,463,4632,가공식품 도매업
G,46,463,46321,육류 가공식품 도매업
G,46,463,46322,수산물 가공식품 도매업
G,46,463,46323,빵류_과자류_당류_초콜릿 도매업
G,46,463,46324,낙농품 및 동_식물성 유지 도매업
G,46,463,46325,커피 및 차류 도매업
G,46,463,46326,조미료 도매업
G,46,463,46329,기타 가공식품 도매업
G,46,463,4633,음료 및 담배 도매업
G,46,463,46331,주류 도매업
G,46,463,46332,비알코올 음료 도매업
G,46,463,46333,담배 도매업
G,46,464,464,생활용품 도매업
G,46,464,4641,생활용 섬유제품_의복_의복 액세서리 및 모피제품 도매업
G,46,464,46411,생활용 섬유 및 실 도매업
G,46,464,46412,커튼 및 침구용품 도매업
G,46,464,46413,남녀용 겉옷 및 셔츠 도매업
G,46,464,46414,유아용 의류 도매업
G,46,464,46415,속옷 및 잠옷 도매업
G,46,464,46416,가죽 및 모피 제품 도매업
G,46,464,46417,의복 액세서리 및 모조 장신구 도매업
G,46,464,46419,기타 생활용 섬유 및 직물 제품 도매업
G,46,464,4642,신발 도매업
G,46,464,46420,신발 도매업
G,46,464,4643,생활용 가구_조명기구 및 비전기식 생활용기기 도매업
G,46,464,46431,생활용 가구 도매업
G,46,464,46432,전구_램프 및 조명장치 도매업
G,46,464,46433,생활용 유리_요업_목재_금속 제품 및 날붙이 도매업
G,46,464,46439,기타 비전기식 생활용 기기 및 기구 도매업
G,46,464,4644,의약품_의료용품 및 화장품 도매업
G,46,467,46732,비료 및 농약 도매업
G,46,467,46733,플라스틱 물질 및 합성고무 도매업
G,46,467,46739,기타 화학 물질 및 화학제품 도매업
G,46,467,4674,방직용 섬유_실 및 직물 도매업
G,46,467,46741,방직용 섬유 및 실 도매업
G,46,467,46742,직물 도매업
G,46,467,4675,종이 원지_판지_종이상자 도매업
G,46,467,46750,종이 원지_판지_종이상자 도매업
G,46,467,4679,재생용 재료 및 기타 상품 전문 도매업
G,46,467,46791,재생용 재료 수집 및 판매업
G,46,467,46799,그 외 기타 상품 전문 도매업
G,46,468,468,상품 종합 도매업
G,46,468,4680,상품 종합 도매업
G,46,468,46800,상품 종합 도매업
G,47,471,471,종합 소매업
G,47,471,4711,대형 종합 소매업
G,47,471,47111,백화점
G,47,471,47112,대형 마트
G,47,471,47119,기타 대형 종합 소매업
G,47,471,4712,음_식료품 위주 종합 소매업
G,47,471,47121,슈퍼마켓
G,47,471,47122,체인화 편의점
G,47,471,47129,기타 음_식료품 위주 종합 소매업
G,47,471,4713,면세점
G,47,471,47130,면세점
G,47,471,4719,그 외 기타 종합 소매업
G,47,471,47190,그 외 기타 종합 소매업
G,47,472,472,음_식료품 및 담배 소매업
G,47,472,4721,식료품 소매업
G,47,472,47211,곡물_곡분 및 가축 사료 소매업
G,47,472,47212,육류 소매업
G,47,472,47213,건어물 및 젓갈류 소매업
G,47,472,47214,신선_냉동 및 기타 수산물 소매업
G,47,472,47215,채소_과실 및 뿌리작물 소매업
G,47,472,47216,빵류_과자류 및 당류 소매업
G,47,472,47217,건강 보조식품 소매업
G,47,472,47218,조리 반찬류 소매업
G,47,472,47219,기타 식료품 소매업
G,47,472,4722,음료 및 담배 소매업
G,47,472,47221,음료 소매업
G,47,472,47222,담배 소매업
G,47,473,473,가전제품 및 정보 통신장비 소매업
G,47,473,4731,컴퓨터 및 주변장치_소프트웨어 및 통신기기 소매업
G,47,473,47311,컴퓨터 및 주변장치_소프트웨어 소매업
G,47,473,47312,통신기기 소매업
G,47,473,4732,가전제품 소매업
G,47,473,47320,가전제품 소매업
G,47,474,474,섬유_의복_신발 및 가죽제품 소매업
G,47,474,4741,의복 소매업
G,47,474,47411,남자용 겉옷 소매업
G,47,474,47412,여자용 겉옷 소매업
G,45,451,451,자동차 판매업
G,45,451,4511,자동차 신품 판매업
G,45,451,45110,자동차 신품 판매업
G,45,451,4512,중고 자동차 판매업
G,45,451,45120,중고 자동차 판매업
G,45,452,452,자동차 부품 및 내장품 판매업
G,45,452,4521,자동차 신품 부품 및 내장품 판매업
G,45,452,45211,자동차 신품 타이어 및 튜브 판매업
G,45,452,45212,자동차용 전용 신품 부품 판매업
G,45,452,45213,자동차 내장용 신품 전기_전자_정밀기기 판매업
H,52,529,52912,여객 자동차 터미널 운영업
H,52,529,52913,물류 터미널 운영업
H,52,529,52914,도로 및 관련시설 운영업
H,52,529,52915,주차장 운영업
H,52,529,52919,기타 육상 운송지원 서비스업
H,52,529,5292,수상 운송 지원 서비스업
H,52,529,52921,항구 및 기타 해상 터미널 운영업
H,52,529,52929,기타 수상 운송 지원 서비스업
H,52,529,5293,항공 운송 지원 서비스업
H,52,529,52931,공항 운영업
H,52,529,52939,기타 항공 운송지원 서비스업
H,52,529,5294,화물 취급업
H,52,529,52941,항공 및 육상 화물 취급업
H,52,529,52942,수상 화물 취급업
H,52,529,5299,그 외 기타 운송관련 서비스업
H,52,529,52991,통관 대리 및 관련서비스업
H,52,529,52992,화물 운송 중개_대리 및 관련 서비스업
H,52,529,52993,화물 포장_검수 및 계량 서비스업
H,52,529,52999,그 외 기타 분류 안된 운송관련 서비스업
H,49,491,491,철도 운송업
H,49,491,4910,철도 운송업
H,49,491,49101,철도 여객 운송업
H,49,491,49102,철도 화물 운송업
H,49,492,492,육상 여객 운송업
H,49,492,4921,도시 정기 육상 여객 운송업
H,49,492,49211,도시철도 운송업
H,49,492,49212,시내버스 운송업
H,49,492,49219,기타 도시 정기 육상 여객 운송업
H,49,492,4922,시외버스 운송업
H,49,492,49220,시외버스 운송업
H,49,492,4923,부정기 육상 여객 운송업
H,49,492,49231,택시 운송업
H,49,492,49232,전세버스 운송업
H,49,492,49233,특수 여객 자동차 운송업
H,49,492,49239,기타 부정기 여객 육상 운송업
H,49,493,493,도로 화물 운송업
H,49,493,4930,도로 화물 운송업
H,49,493,49301,일반 화물 자동차 운송업
H,49,493,49302,용달 화물 자동차 운송업
H,49,493,49303,개별 화물 자동차 운송업
H,49,493,49309,기타 도로 화물 운송업
H,49,494,494,소화물 전문 운송업
H,49,494,4940,소화물 전문 운송업
H,49,494,49401,택배업
H,49,494,49402,늘찬 배달업
H,49,495,495,파이프라인 운송업
H,49,495,4950,파이프라인 운송업
H,49,495,49500,파이프라인 운송업
H,50,501,501,해상 운송업
H,50,501,5011,외항 운송업
H,50,501,50111,외항 여객 운송업
H,50,501,50112,외항 화물 운송업
H,50,501,5012,내항 운송업
H,50,501,50121,내항 여객 운송업
H,50,501,50122,내항 화물 운송업
H,50,501,5013,기타 해상 운송업
H,50,501,50130,기타 해상 운송업
H,50,502,502,내륙 수상 및 항만 내 운송업
H,50,502,5020,내륙 수상 및 항만 내 운송업
H,50,502,50201,내륙 수상 여객 및 화물 운송업
H,50,502,50202,항만 내 여객 운송업
H,50,502,50209,기타 내륙 수상 운송업
H,51,511,511,항공 여객 운송업
H,51,511,5110,항공 여객 운송업
H,51,511,51100,항공 여객 운송업
H,51,512,512,항공 화물 운송업
H,51,512,5120,항공 화물 운송업
H,51,512,51200,항공 화물 운송업
H,52,521,521,보관 및 창고업
H,52,521,5210,보관 및 창고업
H,52,521,52101,일반 창고업
H,52,521,52102,냉장 및 냉동 창고업
H,52,521,52103,농산물 창고업
H,52,521,52104,위험 물품 보관업
H,52,521,52109,기타 보관 및 창고업
H,52,529,529,기타 운송관련 서비스업
H,52,529,5291,육상 운송 지원 서비스업
H,52,529,52911,철도 운송 지원 서비스업
I,55,551,551,일반 및 생활 숙박시설 운영업
I,55,551,5510,일반 및 생활 숙박시설 운영업
I,55,551,55101,호텔업
I,55,551,55102,여관업
I,55,551,55103,휴양 콘도 운영업
I,55,551,55104,민박업
I,55,551,55109,기타 일반 및 생활 숙박시설 운영업
I,55,559,559,기타 숙박업
I,55,559,5590,기타 숙박업
I,55,559,55901,기숙사 및 고시원 운영업
I,55,559,55909,그 외 기타 숙박업
I,56,561,561,음식점업
I,56,561,5611,한식 음식점업
I,56,561,56111,한식 일반 음식점업
I,56,561,56112,한식 면 요리 전문점
I,56,561,56113,한식 육류 요리 전문점
I,56,561,56114,한식 해산물 요리 전문점
I,56,561,5612,외국식 음식점업
I,56,561,56121,중식 음식점업
I,56,561,56122,일식 음식점업
I,56,561,56123,서양식 음식점업
I,56,561,56129,기타 외국식 음식점업
I,56,561,5613,기관 구내식당업
I,56,561,56130,기관 구내식당업
I,56,561,5614,출장 및 이동 음식점업
I,56,561,56141,출장 음식 서비스업
I,56,561,56142,이동 음식점업
I,56,561,5619,기타 간이 음식점업
I,56,561,56191,제과점업
I,56,561,56192,피자_햄버거_샌드위치 및 유사 음식점업
I,56,561,56193,치킨 전문점
I,56,561,56194,김밥 및 기타 간이 음식점업
I,56,561,56199,간이 음식 포장 판매 전문점
I,56,562,562,주점 및 비알코올 음료점업
I,56,562,5621,주점업
I,56,562,56211,일반 유흥 주점업
I,56,562,56212,무도 유흥 주점업
I,56,562,56213,생맥주 전문점
I,56,562,56219,기타 주점업
I,56,562,5622,비알코올 음료점업
I,56,562,56221,커피 전문점
I,56,562,56229,기타 비알코올 음료점업
J,62,620,6201,컴퓨터 프로그래밍 서비스업
J,62,620,62010,컴퓨터 프로그래밍 서비스업
J,62,620,6202,컴퓨터 시스템 통합 자문_구축 및 관리업
J,62,620,62021,컴퓨터 시스템 통합 자문 및 구축 서비스업
J,62,620,62022,컴퓨터시설 관리업
J,62,620,6209,기타 정보 기술 및 컴퓨터 운영 관련 서비스업
J,62,620,62090,기타 정보 기술 및 컴퓨터 운영 관련 서비스업
J,63,631,631,자료 처리_호스팅_포털 및 기타 인터넷 정보 매개 서비스업
J,63,631,6311,자료 처리_호스팅 및 관련 서비스업
J,63,631,63111,자료 처리업
J,63,631,63112,호스팅 및 관련 서비스업
J,63,631,6312,포털 및 기타 인터넷 정보 매개 서비스업
J,63,631,63120,포털 및 기타 인터넷 정보 매개 서비스업
J,63,639,639,기타 정보 서비스업
J,63,639,6391,뉴스 제공업
J,63,639,63910,뉴스 제공업
J,63,639,6399,그 외 기타 정보 서비스업
J,63,639,63991,데이터베이스 및 온라인 정보 제공업
J,63,639,63999,그 외 기타 정보 서비스업
J,58,581,581,서적_잡지 및 기타 인쇄물 출판업
J,58,581,5811,서적 출판업
J,58,581,58111,교과서 및 학습 서적 출판업
J,58,581,58112,만화 출판업
J,58,581,58113,일반 서적 출판업
J,58,581,5812,신문_잡지 및 정기 간행물 출판업
J,58,581,58121,신문 발행업
J,58,581,58122,잡지 및 정기 간행물 발행업
J,58,581,58123,정기 광고 간행물 발행업
J,58,581,5819,기타 인쇄물 출판업
J,58,581,58190,기타 인쇄물 출판업
J,58,582,582,소프트웨어 개발 및 공급업
J,58,582,5821,게임 소프트웨어 개발 및 공급업
J,58,582,58211,유선 온라인 게임 소프트웨어 개발 및 공급업
J,58,582,58212,모바일 게임 소프트웨어 개발 및 공급업
J,58,582,58219,기타 게임 소프트웨어 개발 및 공급업
J,58,582,5822,시스템_응용 소프트웨어 개발 및 공급업
J,58,582,58221,시스템 소프트웨어 개발 및 공급업
J,58,582,58222,응용 소프트웨어 개발 및 공급업
J,59,591,591,영화_비디오물_방송 프로그램 제작 및 배급업
J,59,591,5911,영화_비디오물 및 방송 프로그램 제작업
J,59,591,59111,일반 영화 및 비디오물 제작업
J,59,591,59112,애니메이션 영화 및 비디오물 제작업
J,59,591,59113,광고 영화 및 비디오물 제작업
J,59,591,59114,방송 프로그램 제작업
J,59,591,5912,영화_비디오물 및 방송 프로그램 제작 관련 서비스업
J,59,591,59120,영화_비디오물 및 방송 프로그램 제작 관련 서비스업
J,59,591,5913,영화_비디오물 및 방송 프로그램 배급업
J,59,591,59130,영화_비디오물 및 방송 프로그램 배급업
J,59,591,5914,영화 및 비디오물 상영업
J,59,591,59141,영화관 운영업
J,59,591,59142,비디오물 감상실 운영업
J,59,592,592,오디오물 출판 및 원판 녹음업
J,59,592,5920,오디오물 출판 및 원판 녹음업
J,59,592,59201,음악 및 기타 오디오물 출판업
J,59,592,59202,녹음시설 운영업
J,60,601,601,라디오 방송업
J,60,601,6010,라디오 방송업
J,60,601,60100,라디오 방송업
J,60,602,602,텔레비전 방송업
J,60,602,6021,지상파 방송업
J,60,602,60210,지상파 방송업
J,60,602,6022,유선_위성 및 기타 방송업
J,60,602,60221,프로그램 공급업
J,60,602,60222,유선 방송업
J,60,602,60229,위성 및 기타 방송업
J,61,611,611,공영 우편업
J,61,611,6110,공영 우편업
J,61,611,61100,공영 우편업
J,61,612,612,전기 통신업
J,61,612,6121,유선 통신업
J,61,612,61210,유선 통신업
J,61,612,6122,무선 및 위성 통신업
J,61,612,61220,무선 및 위성 통신업
J,61,612,6129,기타 전기 통신업
J,61,612,61291,통신 재판매업
J,61,612,61299,그 외 기타 전기 통신업
J,62,620,620,컴퓨터 프로그래밍_시스템 통합 및 관리업
K,64,641,641,은행 및 저축기관
K,64,641,6411,중앙은행
K,64,641,64110,중앙은행
K,64,641,6412,일반은행
K,64,641,64121,국내은행
K,64,641,64122,외국은행
K,64,641,6413,신용조합 및 저축기관
K,64,641,64131,신용조합
K,64,641,64132,상호 저축은행 및 기타 저축기관
K,64,642,642,신탁업 및 집합 투자업
K,64,642,6420,신탁업 및 집합 투자업
K,64,642,64201,신탁업 및 집합 투자업
K,64,642,64209,기타 금융 투자업
K,64,649,649,기타 금융업
K,64,649,6491,여신 금융업
K,64,649,64911,금융 리스업
K,64,649,64912,개발 금융기관
K,64,649,64913,신용카드 및 할부 금융업
K,64,649,64919,그 외 기타 여신 금융업
K,64,649,6499,그 외 기타 금융업
K,64,649,64991,기금 운영업
K,64,649,64992,지주회사
K,64,649,64999,그 외 기타 분류 안된 금융업
K,65,651,651,보험업
K,65,651,6511,생명보험업
K,65,651,65110,생명보험업
K,65,651,6512,손해 및 보증보험업
K,65,651,65121,손해보험업
K,65,651,65122,보증보험업
K,65,651,6513,사회보장보험업
K,65,651,65131,건강보험업
K,65,651,65139,산업 재해 및 기타 사회보장보험업
K,65,652,652,재보험업
K,65,652,6520,재보험업
K,65,652,65200,재보험업
K,65,653,653,연금 및 공제업
K,65,653,6530,연금 및 공제업
K,65,653,65301,개인 공제업
K,65,653,65302,사업 공제업
K,65,653,65303,연금업
K,66,661,661,금융 지원 서비스업
K,66,661,6611,금융시장 관리업
K,66,661,66110,금융시장 관리업
K,66,661,6612,증권 및 선물 중개업
K,66,661,66121,증권 중개업
K,66,661,66122,선물 중개업
K,66,661,6619,기타 금융 지원 서비스업
K,66,661,66191,증권 발행_관리_보관 및 거래 지원 서비스업
K,66,661,66192,투자 자문업 및 투자 일임업
K,66,661,66199,그 외 기타 금융 지원 서비스업
K,66,662,662,보험 및 연금관련 서비스업
K,66,662,6620,보험 및 연금관련 서비스업
K,66,662,66201,손해 사정업
K,66,662,66202,보험 대리 및 중개업
K,66,662,66209,기타 보험 및 연금관련 서비스업
L,68,681,681,부동산 임대 및 공급업
L,68,681,6811,부동산 임대업
L,68,681,68111,주거용 건물 임대업
L,68,681,68112,비주거용 건물 임대업
L,68,681,68119,기타 부동산 임대업
L,68,681,6812,부동산 개발 및 공급업
L,68,681,68121,주거용 건물 개발 및 공급업
L,68,681,68122,비주거용 건물 개발 및 공급업
L,68,681,68129,기타 부동산 개발 및 공급업
L,68,682,682,부동산관련 서비스업
L,68,682,6821,부동산 관리업
L,68,682,68211,주거용 부동산 관리업
L,68,682,68212,비주거용 부동산 관리업
L,68,682,6822,부동산 중개_자문 및 감정 평가업
L,68,682,68221,부동산 중개 및 대리업
L,68,682,68222,부동산 투자 자문업
L,68,682,68223,부동산 감정 평가업
M,72,729,72921,측량업
M,72,729,72922,제도업
M,72,729,72923,지질 조사 및 탐사업
M,72,729,72924,지도 제작업
M,73,731,731,수의업
M,73,731,7310,수의업
M,73,731,73100,수의업
M,73,732,732,전문 디자인업
M,73,732,7320,전문 디자인업
M,73,732,73201,인테리어 디자인업
M,73,732,73202,제품 디자인업
M,73,732,73203,시각 디자인업
M,73,732,73209,패션_섬유류 및 기타 전문 디자인업
M,73,733,733,사진 촬영 및 처리업
M,73,733,7330,사진 촬영 및 처리업
M,73,733,73301,인물 사진 및 행사용 영상 촬영업
M,73,733,73302,상업용 사진 촬영업
M,73,733,73303,사진 처리업
M,73,739,739,그 외 기타 전문_과학 및 기술 서비스업
M,73,739,7390,그 외 기타 전문_과학 및 기술 서비스업
M,73,739,73901,매니저업
M,73,739,73902,번역 및 통역 서비스업
M,73,739,73903,사업 및 무형 재산권 중개업
M,73,739,73904,물품 감정_계량 및 견본 추출업
M,73,739,73909,그 외 기타 분류 안된 전문_과학 및 기술 서비스업
M,70,701,701,자연과학 및 공학 연구개발업
M,70,701,7011,자연과학 연구개발업
M,70,701,70111,물리_화학 및 생물학 연구개발업
M,70,701,70112,농림수산학 및 수의학 연구개발업
M,70,701,70113,의학 및 약학 연구개발업
M,70,701,70119,기타 자연과학 연구개발업
M,70,701,7012,공학 연구개발업
M,70,701,70121,전기_전자공학 연구개발업
M,70,701,70129,기타 공학 연구개발업
M,70,701,7013,자연과학 및 공학 융합 연구개발업
M,70,701,70130,자연과학 및 공학 융합 연구개발업
M,70,702,702,인문 및 사회과학 연구개발업
M,70,702,7020,인문 및 사회과학 연구개발업
M,70,702,70201,경제 및 경영학 연구개발업
M,70,702,70209,기타 인문 및 사회과학 연구개발업
M,71,711,711,법무관련 서비스업
M,71,711,7110,법무관련 서비스업
M,71,711,71101,변호사업
M,71,711,71102,변리사업
M,71,711,71103,법무사업
M,71,711,71109,기타 법무관련 서비스업
M,71,712,712,회계 및 세무관련 서비스업
M,71,712,7120,회계 및 세무관련 서비스업
M,71,712,71201,공인회계사업
M,71,712,71202,세무사업
M,71,712,71209,기타 회계 관련 서비스업
M,71,713,713,광고업
M,71,713,7131,광고 대행업
M,71,713,71310,광고 대행업
M,71,713,7139,기타 광고업
M,71,713,71391,옥외 및 전시 광고업
M,71,713,71392,광고 매체 판매업
M,71,713,71393,광고물 문안_도안_설계 등 작성업
M,71,713,71399,그 외 기타 광고 관련 서비스업
M,71,714,714,시장 조사 및 여론 조사업
M,71,714,7140,시장 조사 및 여론 조사업
M,71,714,71400,시장 조사 및 여론 조사업
M,71,715,715,회사 본부 및 경영 컨설팅 서비스업
M,71,715,7151,회사 본부
M,71,715,71511,제조업 회사 본부
M,71,715,71519,기타 산업 회사본부
M,71,715,7153,경영 컨설팅 및 공공 관계 서비스업
M,71,715,71531,경영 컨설팅업
M,71,715,71532,공공관계 서비스업
M,71,716,716,기타 전문 서비스업
M,71,716,7160,기타 전문 서비스업
M,71,716,71600,기타 전문 서비스업
M,72,721,721,건축 기술_엔지니어링 및 관련 기술 서비스업
M,72,721,7211,건축 및 조경 설계 서비스업
M,72,721,72111,건축 설계 및 관련 서비스업
M,72,721,72112,도시 계획 및 조경 설계 서비스업
M,72,721,7212,엔지니어링 서비스업
M,72,721,72121,건물 및 토목 엔지니어링 서비스업
M,72,721,72122,환경 관련 엔지니어링 서비스업
M,72,721,72129,기타 엔지니어링 서비스업
M,72,729,729,기타 과학기술 서비스업
M,72,729,7291,기술 시험_검사 및 분석업
M,72,729,72911,물질 성분 검사 및 분석업
M,72,729,72919,기타 기술 시험_검사 및 분석업
M,72,729,7292,측량_지질 조사 및 지도 제작업
N,76,763,7639,기타 산업용 기계 및 장비 임대업
N,76,763,76390,기타 산업용 기계 및 장비 임대업
N,76,764,764,무형 재산권 임대업
N,76,764,7640,무형 재산권 임대업
N,76,764,76400,무형 재산권 임대업
N,74,741,741,사업시설 유지_관리 서비스업
N,74,741,7410,사업시설 유지_관리 서비스업
N,74,741,74100,사업시설 유지_관리 서비스업
N,74,742,742,건물_산업설비 청소 및 방제 서비스업
N,74,742,7421,건물 및 산업설비 청소업
N,74,742,74211,건축물 일반 청소업
N,74,742,74212,산업설비_운송장비 및 공공장소 청소업
N,74,742,7422,소독_구충 및 방제 서비스업
N,74,742,74220,소독_구충 및 방제 서비스업
N,74,743,743,조경관리 및 유지 서비스업
N,74,743,7430,조경관리 및 유지 서비스업
N,74,743,74300,조경관리 및 유지 서비스업
N,75,751,751,고용 알선 및 인력 공급업
N,75,751,7511,고용 알선업
N,75,751,75110,고용 알선업
N,75,751,7512,인력 공급업
N,75,751,75121,임시 및 일용 인력 공급업
N,75,751,75122,상용 인력 공급 및 인사관리 서비스업
N,75,752,752,여행사 및 기타 여행 보조 서비스업
N,75,752,7521,여행사업
N,75,752,75210,여행사업
N,75,752,7529,기타 여행 보조 및 예약 서비스업
N,75,752,75290,기타 여행 보조 및 예약 서비스업
N,75,753,753,경비_경호 및 탐정업
N,75,753,7531,경비 및 경호 서비스업
N,75,753,75310,경비 및 경호 서비스업
N,75,753,7532,보안 시스템 서비스업
N,75,753,75320,보안 시스템 서비스업
N,75,753,7533,탐정 및 조사 서비스업
N,75,753,75330,탐정 및 조사 서비스업
N,75,759,759,기타 사업 지원 서비스업
N,75,759,7591,사무 지원 서비스업
N,75,759,75911,문서 작성업
N,75,759,75912,복사업
N,75,759,75919,기타 사무 지원 서비스업
N,75,759,7599,그 외 기타 사업 지원 서비스업
N,75,759,75991,콜센터 및 텔레마케팅 서비스업
N,75,759,75992,전시_컨벤션 및 행사 대행업
N,75,759,75993,신용 조사 및 추심 대행업
N,75,759,75994,포장 및 충전업
N,75,759,75999,그 외 기타 분류 안된 사업 지원 서비스업
N,76,761,761,운송장비 임대업
N,76,761,7611,자동차 임대업
N,76,761,76110,자동차 임대업
N,76,761,7619,기타 운송장비 임대업
N,76,761,76190,기타 운송장비 임대업
N,76,762,762,개인 및 가정용품 임대업
N,76,762,7621,스포츠 및 레크리에이션 용품 임대업
N,76,762,76210,스포츠 및 레크리에이션 용품 임대업
N,76,762,7622,음반 및 비디오물 임대업
N,76,762,76220,음반 및 비디오물 임대업
N,76,762,7629,기타 개인 및 가정용품 임대업
N,76,762,76291,서적 임대업
N,76,762,76292,의류 임대업
N,76,762,76299,그 외 기타 개인 및 가정용품 임대업
N,76,763,763,산업용 기계 및 장비 임대업
N,76,763,7631,건설 및 토목공사용 기계_장비 임대업
N,76,763,76310,건설 및 토목공사용 기계_장비 임대업
N,76,763,7632,컴퓨터 및 사무용 기계_장비 임대업
N,76,763,76320,컴퓨터 및 사무용 기계_장비 임대업
O,84,841,841,입법 및 일반 정부 행정
O,84,841,8411,일반 공공 행정
O,84,841,84111,입법기관
O,84,841,84112,중앙 최고 집행기관
O,84,841,84113,지방행정 집행기관
O,84,841,84114,재정 및 경제정책 행정
O,84,841,84119,기타 일반 공공 행정
O,84,841,8412,정부기관 일반 보조 행정
O,84,841,84120,정부기관 일반 보조 행정
O,84,842,842,사회 및 산업정책 행정
O,84,842,8421,사회서비스 관리 행정
O,84,842,84211,교육 행정
O,84,842,84212,문화 및 관광 행정
O,84,842,84213,환경 행정
O,84,842,84214,보건 및 복지 행정
O,84,842,84219,기타 사회서비스 관리 행정
O,84,842,8422,노동 및 산업 진흥 행정
O,84,842,84221,노동 행정
O,84,842,84222,농림수산 행정
O,84,842,84223,건설 및 운송 행정
O,84,842,84224,우편 및 통신 행정
O,84,842,84229,기타 산업 진흥 행정
O,84,843,843,외무 및 국방 행정
O,84,843,8431,외무 행정
O,84,843,84310,외무 행정
O,84,843,8432,국방 행정
O,84,843,84320,국방 행정
O,84,844,844,사법 및 공공 질서 행정
O,84,844,8440,사법 및 공공 질서 행정
O,84,844,84401,법원
O,84,844,84402,검찰
O,84,844,84403,교도기관
O,84,844,84404,경찰
O,84,844,84405,소방서
O,84,844,84409,기타 사법 및 공공 질서 행정
O,84,845,845,사회보장 행정
O,84,845,8450,사회보장 행정
O,84,845,84500,사회보장 행정
P,85,851,851,초등 교육기관
P,85,851,8511,유아 교육기관
P,85,851,85110,유아 교육기관
P,85,851,8512,초등학교
P,85,851,85120,초등학교
P,85,852,852,중등 교육기관
P,85,852,8521,일반 중등 교육기관
P,85,852,85211,중학교
P,85,852,85212,일반 고등학교
P,85,852,8522,특성화 고등학교
P,85,852,85221,상업 및 정보산업 특성화 고등학교
P,85,852,85222,공업 특성화 고등학교
P,85,852,85229,기타 특성화 고등학교
P,85,853,853,고등 교육기관
P,85,853,8530,고등 교육기관
P,85,853,85301,전문대학
P,85,853,85302,대학교
P,85,853,85303,대학원
P,85,854,854,특수학교_외국인학교 및 대안학교
P,85,854,8541,특수학교
P,85,854,85410,특수학교
P,85,854,8542,외국인학교
P,85,854,85420,외국인학교
P,85,854,8543,대안학교
P,85,854,85430,대안학교
P,85,855,855,일반 교습학원
P,85,855,8550,일반 교습학원
P,85,855,85501,일반 교과학원
P,85,855,85502,방문 교육학원
P,85,855,85503,온라인 교육학원
P,85,856,856,기타 교육기관
P,85,856,8561,스포츠 및 레크리에이션 교육기관
P,85,856,85611,태권도 및 무술 교육기관
P,85,856,85612,기타 스포츠 교육기관
P,85,856,85613,레크리에이션 교육기관
P,85,856,85614,청소년 수련시설 운영업
P,85,856,8562,예술학원
P,85,856,85621,음악학원
P,85,856,85622,미술학원
P,85,856,85629,기타 예술학원
P,85,856,8563,외국어학원 및 기타 교습학원
P,85,856,85631,외국어학원
P,85,856,85632,기타 교습학원
P,85,856,8564,사회교육시설
P,85,856,85640,사회교육시설
P,85,856,8565,직원 훈련기관
P,85,856,85650,직원 훈련기관
P,85,856,8566,기술 및 직업 훈련학원
P,85,856,85661,운전학원
P,85,856,85669,기타 기술 및 직업 훈련학원
P,85,856,8569,그 외 기타 교육기관
P,85,856,85691,컴퓨터 학원
P,85,856,85699,그 외 기타 분류 안된 교육기관
P,85,857,857,교육 지원 서비스업
P,85,857,8570,교육 지원 서비스업
P,85,857,85701,교육관련 자문 및 평가업
P,85,857,85709,기타 교육지원 서비스업
Q,86,869,8690,기타 보건업
Q,86,869,86901,앰뷸런스 서비스업
Q,86,869,86902,유사 의료업
Q,86,869,86909,그 외 기타 보건업
Q,87,871,871,거주 복지시설 운영업
Q,87,871,8711,노인 거주 복지시설 운영업
Q,87,871,87111,노인 요양 복지시설 운영업
Q,87,871,87112,노인 양로 복지시설 운영업
Q,87,871,8712,심신 장애인 거주 복지시설 운영업
Q,87,871,87121,신체 부자유자 거주 복지시설 운영업
Q,87,871,87122,정신 질환_정신 지체 및 약물 중독자 거주 복지시설 운영업
Q,87,871,8713,기타 거주 복지시설 운영업
Q,87,871,87131,아동 및 부녀자 거주 복지시설 운영업
Q,87,871,87139,그 외 기타 거주 복지시설 운영업
Q,87,872,872,비거주 복지시설 운영업
Q,87,872,8721,보육시설 운영업
Q,87,872,87210,보육시설 운영업
Q,87,872,8729,기타 비거주 복지 서비스업
Q,87,872,87291,직업 재활원 운영업
Q,87,872,87292,종합복지관 운영업
Q,87,872,87293,방문 복지서비스 제공업
Q,87,872,87294,사회복지 상담 서비스 제공업
Q,87,872,87299,그 외 기타 비거주 복지 서비스업
Q,86,861,861,병원
Q,86,861,8610,병원
Q,86,861,86101,종합병원
Q,86,861,86102,일반병원
Q,86,861,86103,치과병원
Q,86,861,86104,한방병원
Q,86,861,86105,요양병원
Q,86,862,862,의원
Q,86,862,8620,의원
Q,86,862,86201,일반의원
Q,86,862,86202,치과의원
Q,86,862,86203,한의원
Q,86,862,86204,방사선 진단 및 병리 검사 의원
Q,86,863,863,공중 보건 의료업
Q,86,863,8630,공중 보건 의료업
Q,86,863,86300,공중 보건 의료업
Q,86,869,869,기타 보건업
R,91,912,91292,체육 공원 및 유사 공원 운영업
R,91,912,91293,기원 운영업
R,91,912,91299,그 외 기타 분류 안된 오락관련 서비스업
R,90,901,901,창작 및 예술관련 서비스업
R,90,901,9011,공연시설 운영업
R,90,901,90110,공연시설 운영업
R,90,901,9012,공연단체
R,90,901,90121,연극단체
R,90,901,90122,무용 및 음악단체
R,90,901,90123,기타 공연단체
R,90,901,9013,자영 예술가
R,90,901,90131,공연 예술가
R,90,901,90132,비공연 예술가
R,90,901,9019,기타 창작 및 예술관련 서비스업
R,90,901,90191,공연 기획업
R,90,901,90192,공연 및 제작관련 대리업
R,90,901,90199,그 외 기타 창작 및 예술관련 서비스업
R,90,902,902,도서관_사적지 및 유사 여가관련 서비스업
R,90,902,9021,도서관_기록 보존소 및 독서실 운영업
R,90,902,90211,도서관 및 기록 보존소 운영업
R,90,902,90212,독서실 운영업
R,90,902,9022,박물관 및 사적지 관리 운영업
R,90,902,90221,박물관 운영업
R,90,902,90222,사적지 관리 운영업
R,90,902,9023,식물원_동물원 및 자연공원 운영업
R,90,902,90231,식물원 및 동물원 운영업
R,90,902,90232,자연공원 운영업
R,90,902,9029,기타 유사 여가관련 서비스업
R,90,902,90290,기타 유사 여가관련 서비스업
R,91,911,911,스포츠 서비스업
R,91,911,9111,경기장 운영업
R,91,911,91111,실내 경기장 운영업
R,91,911,91112,실외 경기장 운영업
R,91,911,91113,경주장 및 동물 경기장 운영업
R,91,911,9112,골프장 및 스키장 운영업
R,91,911,91121,골프장 운영업
R,91,911,91122,스키장 운영업
R,91,911,9113,기타 스포츠시설 운영업
R,91,911,91131,종합 스포츠시설 운영업
R,91,911,91132,체력 단련시설 운영업
R,91,911,91133,수영장 운영업
R,91,911,91134,볼링장 운영업
R,91,911,91135,당구장 운영업
R,91,911,91136,골프 연습장 운영업
R,91,911,91139,그 외 기타 스포츠시설 운영업
R,91,911,9119,기타 스포츠 서비스업
R,91,911,91191,스포츠 클럽 운영업
R,91,911,91199,그 외 기타 스포츠 서비스업
R,91,912,912,유원지 및 기타 오락관련 서비스업
R,91,912,9121,유원지 및 테마파크 운영업
R,91,912,91210,유원지 및 테마파크 운영업
R,91,912,9122,오락장 운영업
R,91,912,91221,전자 게임장 운영업
R,91,912,91222,컴퓨터 게임방 운영업
R,91,912,91223,노래 연습장 운영업
R,91,912,91229,기타 오락장 운영업
R,91,912,9123,수상오락 서비스업
R,91,912,91231,낚시장 운영업
R,91,912,91239,기타 수상오락 서비스업
R,91,912,9124,사행시설 관리 및 운영업
R,91,912,91241,복권 발행 및 판매업
R,91,912,91249,기타 사행시설 관리 및 운영업
R,91,912,9129,그 외 기타 오락관련 서비스업
R,91,912,91291,무도장 운영업
S,95,951,9511,컴퓨터 및 주변 기기 수리업
S,95,951,95110,컴퓨터 및 주변 기기 수리업
S,95,951,9512,통신장비 수리업
S,95,951,95120,통신장비 수리업
S,95,952,952,자동차 및 모터사이클 수리업
S,95,952,9521,자동차 수리 및 세차업
S,95,952,95211,자동차 종합 수리업
S,95,952,95212,자동차 전문 수리업
S,95,952,95213,자동차 세차업
S,95,952,9522,모터사이클 수리업
S,95,952,95220,모터사이클 수리업
S,95,953,953,개인 및 가정용품 수리업
S,95,953,9531,가전제품 수리업
S,95,953,95310,가전제품 수리업
S,95,953,9539,기타 개인 및 가정용품 수리업
S,95,953,95391,의복 및 기타 가정용 직물제품 수리업
S,95,953,95392,가죽_가방 및 신발 수리업
S,95,953,95393,시계_귀금속 및 악기 수리업
S,95,953,95399,그 외 기타 개인 및 가정용품 수리업
S,96,961,961,미용_욕탕 및 유사 서비스업
S,96,961,9611,이용 및 미용업
S,96,961,96111,이용업
S,96,961,96112,두발 미용업
S,96,961,96113,피부 미용업
S,96,961,96119,기타 미용업
S,96,961,9612,욕탕_마사지 및 기타 신체 관리 서비스업
S,96,961,96121,욕탕업
S,96,961,96122,마사지업
S,96,961,96129,체형 등 기타 신체 관리 서비스업
S,96,969,969,그 외 기타 개인 서비스업
S,96,969,9691,세탁업
S,96,969,96911,산업용 세탁업
S,96,969,96912,가정용 세탁업
S,96,969,96913,세탁물 공급업
S,96,969,9692,장례식장 및 관련 서비스업
S,96,969,96921,장례식장 및 장의관련 서비스업
S,96,969,96922,화장터 운영_묘지 분양 및 관리업
S,96,969,9699,그 외 기타 분류 안된 개인 서비스업
S,96,969,96991,예식장업
S,96,969,96992,점술 및 유사 서비스업
S,96,969,96993,개인 간병 및 유사 서비스업
S,96,969,96994,결혼 상담 및 준비 서비스업
S,96,969,96995,애완 동물 장묘 및 보호 서비스업
S,96,969,96999,그 외 기타 달리 분류되지 않은 개인 서비스업
S,94,941,941,산업 및 전문가 단체
S,94,941,9411,산업 단체
S,94,941,94110,산업 단체
S,94,941,9412,전문가 단체
S,94,941,94120,전문가 단체
S,94,942,942,노동조합
S,94,942,9420,노동조합
S,94,942,94200,노동조합
S,94,949,949,기타 협회 및 단체
S,94,949,9491,종교 단체
S,94,949,94911,불교 단체
S,94,949,94912,기독교 단체
S,94,949,94913,천주교 단체
S,94,949,94914,민족 종교 단체
S,94,949,94919,기타 종교 단체
S,94,949,9492,정치 단체
S,94,949,94920,정치 단체
S,94,949,9493,시민운동 단체
S,94,949,94931,환경운동 단체
S,94,949,94939,기타 시민운동 단체
S,94,949,9499,그 외 기타 협회 및 단체
S,94,949,94990,그 외 기타 협회 및 단체
S,95,951,951,컴퓨터 및 통신장비 수리업
T,97,970,970,가구 내 고용활동
T,97,970,9700,가구 내 고용활동
T,97,970,97000,가구 내 고용활동
T,98,981,981,자가 소비를 위한 가사 생산 활동
T,98,981,9810,자가 소비를 위한 가사 생산 활동
T,98,981,98100,자가 소비를 위한 가사 생산 활동
T,98,982,982,자가 소비를 위한 가사 서비스 활동
T,98,982,9820,자가 소비를 위한 가사 서비스 활동
T,98,982,98200,자가 소비를 위한 가사 서비스 활동
U,99,990,990,국제 및 외국기관
U,99,990,9900,국제 및 외국기관
U,99,990,99001,주한 외국 공관
U,99,990,99009,기타 국제 및 외국기관
